Building Address,Under 5 years,Under 5 years,5 to 9 years,5 to 9 years,10 to 14 years,10 to 14 years,15 to 19 years,15 to 19 years,20 to 24 years,20 to 24 years,25 to 34 years,25 to 34 years,35 to 44 years,35 to 44 years,45 to 54 years,45 to 54 years,55 to 59 years,55 to 59 years,60 to 64 years,60 to 64 years,65 to 74 years,65 to 74 years,75 to 84 years,75 to 84 years,85 years and over,85 years and over,Single Senior only,Single Senior only,2+ Seniors only,2+ Seniors only,Single non-senior,Single non-senior,"Couple, no child(ren)","Couple, no child(ren)",2 parents + child(ren) <18,2 parents + child(ren) <18,2 parents + child(ren)>=18,2 parents + child(ren)>=18,Single parent + child(ren)<18,Single parent + child(ren)<18,Single parent + child(ren)>=18,Single parent + child(ren)>=18,Single grandparent + child(ren)<18,Single grandparent + child(ren)<18,Single grandparent + child(ren)>=18,Single grandparent + child(ren)>=18,Other + child(ren)<18,Other + child(ren)<18,"Other, no child(ren)<18","Other, no child(ren)<18",Employment ,Employment ,Own Business,Own Business,Unemployment Insurance,Unemployment Insurance,Public Assistance,Public Assistance,Social Security,Social Security,SSI,SSI,VA Benefits,VA Benefits,Pension,Pension,Child Support,Child Support,Other,Other,Non-Verifiable,Non-Verifiable,Non-Verifiable only,Non-Verifiable only
1010 EAST 178TH STREET,21,5%,27,6%,47,10%,43,9%,48,10%,34,7%,47,10%,68,15%,34,7%,17,4%,49,11%,19,4%,10,2%,46,21%,9,4%,42,19%,6,3%,7,3%,6,3%,53,24%,29,13%,9,4%,0,0%,3,1%,7,3%,94,43%,0,0%,9,4%,28,13%,88,41%,84,39%,0,0%,11,5%,3,1%,5,2%,5,2%,1,0%
104-14 TAPSCOTT STREET,4,6%,4,6%,8,12%,8,12%,4,6%,9,13%,10,15%,12,18%,3,4%,1,1%,4,6%,0,0%,1,1%,2,7%,0,0%,5,17%,0,0%,1,3%,0,0%,11,37%,8,27%,2,7%,0,0%,0,0%,1,3%,17,57%,0,0%,2,7%,2,7%,9,30%,9,30%,0,0%,1,3%,2,7%,0,0%,1,3%,,0%
1162-1176 WASHINGTON AVENUE,16,8%,22,11%,19,10%,36,18%,23,12%,19,10%,21,11%,19,10%,5,3%,10,5%,5,3%,3,2%,0,0%,3,5%,3,5%,10,16%,1,2%,5,8%,0,0%,26,41%,6,10%,4,6%,0,0%,3,5%,2,3%,38,60%,0,0%,3,5%,12,19%,11,17%,17,27%,0,0%,4,6%,2,3%,0,0%,2,3%,1,2%
131 SAINT NICHOLAS AVENUE,6,3%,8,5%,13,8%,4,2%,24,14%,23,13%,10,6%,20,12%,18,10%,12,7%,23,13%,8,5%,4,2%,21,22%,5,5%,33,34%,1,1%,2,2%,1,1%,14,14%,9,9%,2,2%,3,3%,1,1%,5,5%,37,38%,0,0%,7,7%,10,10%,35,36%,25,26%,0,0%,13,13%,0,0%,1,1%,1,1%,,0%
1471 WATSON AVENUE,7,4%,10,6%,10,6%,8,5%,20,12%,18,11%,19,11%,21,12%,12,7%,9,5%,26,15%,7,4%,4,2%,26,27%,2,2%,27,28%,1,1%,1,1%,2,2%,17,18%,13,14%,1,1%,5,5%,0,0%,1,1%,23,24%,0,0%,4,4%,13,14%,39,41%,37,39%,1,1%,8,8%,3,3%,3,3%,1,1%,1,1%
154 WEST 84TH STREET,2,2%,6,7%,4,4%,8,9%,12,13%,12,13%,6,7%,18,20%,7,8%,8,9%,6,7%,0,0%,0,0%,0,0%,0,0%,10,29%,0,0%,6,18%,1,3%,3,9%,9,26%,3,9%,0,0%,0,0%,2,6%,25,74%,0,0%,3,9%,2,6%,12,35%,6,18%,0,0%,3,9%,1,3%,0,0%,1,3%,,0%
303 VERNON AVENUE,24,4%,56,10%,56,10%,68,12%,56,10%,55,10%,64,11%,66,12%,25,4%,34,6%,45,8%,21,4%,3,1%,41,18%,9,4%,44,19%,8,3%,10,4%,4,2%,55,24%,31,13%,15,6%,3,1%,11,5%,2,1%,106,45%,0,0%,8,3%,30,13%,77,33%,71,30%,3,1%,19,8%,11,5%,37,16%,1,0%,,0%
45 ALLEN STREET,5,2%,4,2%,12,5%,15,6%,10,4%,15,6%,29,13%,32,14%,10,4%,16,7%,40,17%,35,15%,8,3%,27,26%,10,10%,8,8%,2,2%,4,4%,13,13%,7,7%,18,18%,4,4%,2,2%,2,2%,5,5%,46,45%,0,0%,4,4%,10,10%,65,64%,34,33%,1,1%,26,25%,1,1%,8,8%,12,12%,,0%
830 AMSTERDAM AVENUE,9,3%,26,8%,26,8%,35,10%,29,9%,31,9%,31,9%,42,13%,25,7%,13,4%,35,10%,23,7%,9,3%,45,29%,4,3%,26,17%,4,3%,3,2%,7,5%,27,17%,17,11%,9,6%,4,3%,5,3%,4,3%,55,35%,0,0%,9,6%,12,8%,67,43%,55,35%,1,1%,14,9%,3,2%,4,3%,3,2%,,0%
ADAMS,145,6%,220,9%,237,10%,285,12%,264,11%,240,10%,232,10%,277,11%,112,5%,100,4%,154,6%,122,5%,29,1%,157,17%,30,3%,118,13%,22,2%,46,5%,19,2%,249,27%,140,15%,58,6%,15,2%,45,5%,24,3%,405,44%,1,0%,61,7%,131,14%,315,34%,315,34%,1,0%,61,7%,55,6%,26,3%,23,2%,6,1%
ALBANY,107,5%,168,9%,207,11%,196,10%,215,11%,228,12%,188,10%,252,13%,108,6%,79,4%,123,6%,71,4%,21,1%,139,17%,17,2%,127,16%,6,1%,47,6%,14,2%,236,29%,139,17%,41,5%,13,2%,14,2%,23,3%,399,49%,0,0%,63,8%,116,14%,247,30%,234,29%,5,1%,72,9%,37,5%,4,0%,31,4%,9,1%
ALBANY II,56,5%,98,9%,117,11%,127,12%,125,12%,117,11%,110,11%,113,11%,49,5%,37,4%,47,5%,36,3%,12,1%,57,14%,8,2%,63,16%,1,0%,20,5%,5,1%,121,31%,68,17%,20,5%,5,1%,15,4%,13,3%,207,52%,0,0%,31,8%,59,15%,116,29%,108,27%,3,1%,23,6%,13,3%,3,1%,13,3%,2,1%
AMSTERDAM,83,4%,146,6%,159,7%,236,10%,231,10%,248,11%,207,9%,293,13%,140,6%,147,6%,216,9%,151,6%,80,3%,273,25%,51,5%,150,14%,13,1%,39,4%,29,3%,210,19%,191,18%,33,3%,15,1%,30,3%,44,4%,467,43%,3,0%,61,6%,96,9%,452,42%,264,24%,6,1%,139,13%,18,2%,31,3%,25,2%,14,1%
AMSTERDAM ADDITION,5,2%,22,7%,21,6%,11,3%,25,8%,29,9%,28,8%,33,10%,11,3%,15,5%,68,21%,46,14%,17,5%,62,36%,23,13%,15,9%,3,2%,5,3%,5,3%,26,15%,19,11%,3,2%,2,1%,1,1%,7,4%,53,31%,0,0%,15,9%,8,5%,103,60%,51,30%,1,1%,40,23%,3,2%,5,3%,6,4%,1,1%
ASTORIA,174,5%,281,9%,303,10%,405,13%,377,12%,363,11%,337,11%,346,11%,168,5%,123,4%,182,6%,86,3%,35,1%,146,13%,18,2%,119,11%,9,1%,72,7%,47,4%,276,25%,216,20%,90,8%,17,2%,52,5%,36,3%,570,52%,0,0%,70,6%,140,13%,356,32%,307,28%,6,1%,78,7%,44,4%,7,1%,45,4%,13,1%
ATLANTIC TERMINAL SITE 4B,34,6%,31,5%,40,7%,56,9%,69,11%,65,11%,50,8%,76,12%,46,8%,42,7%,58,9%,33,5%,12,2%,69,23%,11,4%,77,26%,9,3%,13,4%,2,1%,49,16%,38,13%,10,3%,4,1%,8,3%,7,2%,136,46%,0,0%,10,3%,34,11%,117,39%,77,26%,1,0%,29,10%,2,1%,0,0%,10,3%,2,1%
AUDUBON,30,7%,42,10%,51,12%,43,10%,35,8%,43,10%,34,8%,47,11%,18,4%,23,5%,28,6%,37,8%,9,2%,42,25%,9,5%,18,11%,2,1%,14,8%,1,1%,35,21%,16,10%,17,10%,6,4%,3,2%,3,2%,79,48%,1,1%,12,7%,18,11%,64,39%,54,33%,1,1%,24,14%,2,1%,1,1%,2,1%,,0%
BAILEY AVENUE-WEST 193RD STREET,22,5%,30,7%,41,9%,41,9%,37,8%,50,11%,47,10%,61,13%,30,7%,31,7%,34,7%,22,5%,13,3%,50,22%,6,3%,53,23%,8,3%,5,2%,4,2%,57,25%,29,13%,10,4%,3,1%,1,0%,4,2%,92,40%,0,0%,18,8%,29,13%,77,33%,76,33%,3,1%,10,4%,9,4%,6,3%,6,3%,,0%
BAISLEY PARK,50,6%,78,9%,93,10%,87,10%,86,10%,114,13%,77,9%,107,12%,46,5%,40,4%,72,8%,35,4%,10,1%,64,17%,10,3%,73,19%,5,1%,4,1%,4,1%,99,26%,67,18%,21,6%,9,2%,13,3%,9,2%,153,40%,0,0%,26,7%,53,14%,137,36%,113,30%,0,0%,34,9%,7,2%,15,4%,12,3%,4,1%
BARUCH,197,4%,339,7%,388,8%,453,9%,475,9%,530,10%,495,10%,644,12%,367,7%,333,6%,535,10%,300,6%,106,2%,396,18%,143,7%,276,13%,76,3%,106,5%,114,5%,378,17%,379,17%,132,6%,39,2%,63,3%,73,3%,1020,47%,7,0%,113,5%,177,8%,908,42%,708,33%,11,1%,245,11%,26,1%,42,2%,38,2%,14,1%
BARUCH HOUSES ADDITION,0,0%,0,0%,0,0%,0,0%,0,0%,0,0%,0,0%,1,0%,2,1%,3,1%,77,33%,98,43%,49,21%,157,81%,34,18%,1,1%,1,1%,0,0%,0,0%,0,0%,0,0%,0,0%,0,0%,0,0%,1,1%,10,5%,0,0%,0,0%,5,3%,146,75%,103,53%,4,2%,44,23%,0,0%,1,1%,0,0%,,0%
BAY VIEW,189,5%,302,9%,353,10%,376,11%,321,9%,439,12%,365,10%,408,12%,191,5%,156,4%,266,8%,125,4%,50,1%,263,17%,47,3%,261,16%,20,1%,27,2%,32,2%,498,31%,277,17%,65,4%,20,1%,39,2%,39,2%,677,43%,2,0%,85,5%,238,15%,529,33%,436,27%,14,1%,165,10%,71,4%,55,3%,54,3%,29,2%
BEACH 41ST STREET,121,7%,197,12%,179,11%,168,10%,171,10%,207,12%,162,10%,180,11%,92,5%,62,4%,107,6%,33,2%,18,1%,101,14%,21,3%,132,19%,18,3%,24,3%,8,1%,249,35%,90,13%,31,4%,2,0%,21,3%,8,1%,294,42%,1,0%,50,7%,118,17%,194,28%,206,29%,1,0%,29,4%,33,5%,34,5%,40,6%,3,0%
BEDFORD-STUYVESANT REHAB,12,7%,7,4%,9,5%,17,9%,21,12%,19,10%,16,9%,27,15%,19,10%,10,6%,17,9%,4,2%,3,2%,12,14%,5,6%,16,19%,8,10%,3,4%,1,1%,16,19%,11,13%,5,6%,1,1%,2,2%,4,5%,44,52%,0,0%,1,1%,14,17%,21,25%,24,29%,1,1%,3,4%,0,0%,13,15%,0,0%,,0%
BERRY,48,5%,56,6%,88,9%,93,10%,77,8%,89,9%,108,11%,115,12%,78,8%,72,8%,78,8%,34,4%,21,2%,91,18%,18,4%,130,26%,9,2%,13,3%,9,2%,132,26%,72,14%,16,3%,4,1%,3,1%,3,1%,190,38%,0,0%,13,3%,70,14%,210,42%,165,33%,8,2%,70,14%,18,4%,7,1%,36,7%,,0%
BETHUNE GARDENS,0,0%,0,0%,0,0%,1,0%,0,0%,0,0%,0,0%,3,1%,3,1%,5,2%,93,38%,114,46%,27,11%,166,81%,33,16%,0,0%,4,2%,0,0%,2,1%,0,0%,0,0%,0,0%,0,0%,0,0%,0,0%,10,5%,1,0%,0,0%,7,3%,145,71%,118,58%,1,0%,39,19%,0,0%,0,0%,5,2%,1,0%
BLAND,41,5%,50,5%,74,8%,82,9%,94,10%,100,11%,91,10%,118,13%,56,6%,51,6%,73,8%,57,6%,23,3%,78,20%,25,6%,50,13%,10,3%,25,6%,12,3%,74,19%,76,19%,19,5%,4,1%,9,2%,16,4%,195,49%,0,0%,13,3%,36,9%,182,46%,126,32%,2,1%,49,12%,3,1%,4,1%,4,1%,,0%
BORINQUEN PLAZA I,36,3%,68,6%,94,8%,128,11%,105,9%,96,8%,98,8%,120,10%,58,5%,36,3%,192,16%,109,9%,25,2%,171,34%,32,6%,52,10%,11,2%,32,6%,11,2%,59,12%,80,16%,19,4%,12,2%,19,4%,8,2%,164,32%,1,0%,20,4%,45,9%,271,54%,206,41%,3,1%,65,13%,8,2%,36,7%,6,1%,1,0%
BORINQUEN PLAZA II,41,3%,65,6%,102,9%,135,11%,161,14%,139,12%,91,8%,150,13%,66,6%,51,4%,102,9%,55,5%,16,1%,56,13%,21,5%,42,10%,5,1%,16,4%,19,4%,76,18%,98,23%,37,9%,20,5%,21,5%,12,3%,202,48%,0,0%,18,4%,56,13%,168,40%,168,40%,2,0%,31,7%,12,3%,24,6%,5,1%,1,0%
BOSTON ROAD PLAZA,0,0%,0,0%,0,0%,0,0%,0,0%,1,0%,2,1%,0,0%,4,1%,11,4%,109,40%,115,42%,32,12%,186,80%,38,16%,4,2%,3,1%,0,0%,0,0%,0,0%,0,0%,0,0%,1,0%,0,0%,0,0%,14,6%,0,0%,1,0%,4,2%,173,75%,103,44%,1,0%,66,28%,0,0%,0,0%,4,2%,,0%
BOSTON SECOR,90,7%,116,9%,146,11%,160,12%,139,10%,160,12%,133,10%,164,12%,63,5%,44,3%,70,5%,44,3%,19,1%,71,13%,14,3%,98,18%,6,1%,30,6%,10,2%,162,30%,80,15%,23,4%,8,2%,18,3%,12,2%,255,48%,0,0%,26,5%,75,14%,171,32%,164,31%,1,0%,30,6%,6,1%,35,7%,0,0%,,0%
BOYNTON AVENUE REHAB,15,8%,13,7%,17,9%,30,15%,18,9%,27,14%,17,9%,24,12%,11,6%,10,5%,13,7%,3,2%,1,1%,11,13%,0,0%,11,13%,0,0%,2,2%,1,1%,27,33%,20,24%,1,1%,0,0%,6,7%,3,4%,49,60%,0,0%,4,5%,10,12%,16,20%,27,33%,0,0%,2,2%,0,0%,3,4%,4,5%,2,2%
BRACETTI PLAZA,5,2%,15,6%,15,6%,18,7%,34,12%,33,12%,17,6%,32,12%,24,9%,20,7%,33,12%,20,7%,6,2%,17,16%,5,5%,12,11%,2,2%,5,5%,7,7%,6,6%,26,25%,9,8%,2,2%,5,5%,10,9%,54,51%,0,0%,7,7%,8,8%,60,57%,45,42%,2,2%,10,9%,0,0%,5,5%,2,2%,,0%
BREUKELEN,160,4%,288,8%,364,10%,400,11%,356,10%,417,12%,379,10%,402,11%,212,6%,170,5%,283,8%,136,4%,44,1%,298,19%,33,2%,223,14%,15,1%,43,3%,21,1%,445,28%,309,20%,66,4%,27,2%,47,3%,36,2%,681,44%,0,0%,79,5%,153,10%,485,31%,353,23%,13,1%,132,8%,42,3%,56,4%,48,3%,22,1%
BREVOORT,85,4%,155,8%,165,8%,203,10%,228,11%,227,11%,203,10%,244,12%,107,5%,87,4%,159,8%,90,5%,45,2%,172,19%,15,2%,130,15%,6,1%,13,1%,14,2%,227,26%,176,20%,45,5%,32,4%,28,3%,30,3%,383,43%,0,0%,59,7%,115,13%,317,36%,234,26%,11,1%,107,12%,13,1%,36,4%,13,1%,9,1%
BRONX RIVER,159,5%,239,8%,310,10%,378,12%,316,10%,291,10%,301,10%,359,12%,159,5%,129,4%,227,7%,116,4%,47,2%,228,18%,33,3%,198,16%,14,1%,45,4%,20,2%,315,25%,208,17%,44,4%,17,1%,73,6%,41,3%,524,42%,3,0%,70,6%,174,14%,413,33%,427,35%,1,0%,81,7%,28,2%,23,2%,52,4%,22,2%
BRONX RIVER ADDITION,2,1%,1,0%,1,0%,0,0%,0,0%,1,0%,0,0%,2,1%,0,0%,5,2%,101,42%,102,43%,23,10%,214,96%,8,4%,0,0%,0,0%,2,1%,0,0%,0,0%,0,0%,0,0%,0,0%,0,0%,0,0%,7,3%,0,0%,1,0%,2,1%,151,67%,136,61%,2,1%,24,11%,0,0%,3,1%,2,1%,,0%
BROWN,0,0%,0,0%,0,0%,0,0%,0,0%,0,0%,0,0%,1,0%,1,0%,3,1%,99,46%,80,37%,32,15%,182,91%,14,7%,0,0%,3,2%,0,0%,0,0%,0,0%,0,0%,0,0%,0,0%,0,0%,0,0%,19,10%,0,0%,1,1%,3,2%,159,80%,75,38%,1,1%,57,29%,0,0%,6,3%,0,0%,,0%
BROWNSVILLE,184,6%,262,8%,332,10%,401,12%,386,12%,355,11%,351,11%,410,12%,178,5%,129,4%,190,6%,84,3%,32,1%,176,13%,18,1%,210,16%,11,1%,56,4%,24,2%,374,28%,267,20%,91,7%,21,2%,30,2%,38,3%,620,47%,2,0%,74,6%,220,17%,367,28%,365,28%,1,0%,73,6%,40,3%,37,3%,41,3%,19,1%
BRYANT AVENUE-EAST 174TH STREET,5,4%,12,9%,7,5%,12,9%,8,6%,8,6%,19,14%,17,13%,14,11%,8,6%,16,12%,5,4%,2,2%,17,24%,3,4%,21,29%,1,1%,1,1%,1,1%,11,15%,8,11%,2,3%,2,3%,4,6%,1,1%,29,40%,0,0%,3,4%,6,8%,24,33%,22,31%,1,1%,7,10%,1,1%,7,10%,2,3%,,0%
BUSHWICK,159,6%,261,9%,265,9%,292,10%,262,9%,363,13%,254,9%,316,11%,142,5%,140,5%,247,9%,120,4%,44,2%,238,20%,35,3%,178,15%,15,1%,46,4%,24,2%,290,24%,189,16%,90,8%,16,1%,32,3%,31,3%,465,39%,4,0%,72,6%,167,14%,443,37%,443,37%,10,1%,84,7%,45,4%,20,2%,44,4%,11,1%
BUTLER,271,6%,473,11%,490,11%,615,14%,455,10%,399,9%,415,10%,528,12%,187,4%,119,3%,250,6%,113,3%,23,1%,182,12%,35,2%,186,13%,23,2%,149,10%,33,2%,447,30%,215,15%,77,5%,24,2%,60,4%,38,3%,749,51%,0,0%,95,6%,223,15%,370,25%,457,31%,6,0%,67,5%,69,5%,23,2%,26,2%,14,1%
CAMPOS PLAZA II,20,4%,33,6%,40,8%,48,9%,39,7%,55,10%,51,10%,56,11%,40,8%,36,7%,60,11%,39,7%,13,2%,37,17%,18,8%,33,15%,11,5%,12,5%,9,4%,30,13%,37,17%,9,4%,5,2%,12,5%,10,4%,115,52%,0,0%,9,4%,14,6%,102,46%,79,35%,0,0%,24,11%,6,3%,38,17%,2,1%,,0%
CAREY GARDENS,85,5%,126,7%,133,8%,182,11%,200,12%,179,11%,113,7%,176,10%,95,6%,84,5%,172,10%,104,6%,32,2%,141,21%,59,9%,102,15%,25,4%,32,5%,11,2%,116,17%,90,13%,44,7%,17,3%,20,3%,18,3%,240,36%,1,0%,47,7%,97,14%,193,29%,300,44%,3,0%,45,7%,10,1%,7,1%,31,5%,16,2%
CARLETON MANOR,27,7%,38,10%,26,7%,29,8%,40,11%,44,12%,35,10%,46,13%,21,6%,15,4%,24,7%,17,5%,1,0%,27,16%,3,2%,35,21%,6,4%,4,2%,6,4%,51,31%,19,11%,9,5%,0,0%,2,1%,4,2%,68,41%,0,0%,11,7%,32,19%,46,28%,56,34%,2,1%,9,5%,8,5%,0,0%,5,3%,3,2%
CARVER,124,4%,176,6%,235,8%,268,10%,300,11%,261,9%,271,10%,345,12%,186,7%,156,6%,218,8%,162,6%,71,3%,243,20%,51,4%,226,18%,18,1%,56,5%,34,3%,249,20%,229,18%,54,4%,18,1%,27,2%,37,3%,559,45%,0,0%,45,4%,110,9%,464,37%,407,33%,8,1%,143,12%,32,3%,29,2%,42,3%,12,1%
CASSIDY-LAFAYETTE,0,0%,0,0%,0,0%,0,0%,0,0%,0,0%,0,0%,1,0%,1,0%,15,4%,197,49%,148,37%,36,9%,316,89%,38,11%,0,0%,1,0%,0,0%,0,0%,0,0%,0,0%,0,0%,0,0%,0,0%,2,1%,15,4%,0,0%,0,0%,13,4%,243,68%,182,51%,3,1%,67,19%,0,0%,0,0%,23,6%,1,0%
CASTLE HILL,299,6%,440,9%,535,11%,612,12%,518,10%,506,10%,490,10%,546,11%,260,5%,215,4%,376,7%,183,4%,37,1%,357,18%,53,3%,304,15%,23,1%,88,4%,32,2%,557,28%,319,16%,106,5%,34,2%,63,3%,43,2%,806,41%,2,0%,102,5%,286,14%,641,32%,722,36%,16,1%,120,6%,108,5%,74,4%,46,2%,22,1%
CHELSEA,39,4%,52,6%,81,9%,82,9%,75,8%,87,9%,97,10%,110,12%,59,6%,62,7%,107,12%,53,6%,21,2%,99,23%,26,6%,71,17%,8,2%,15,4%,17,4%,80,19%,61,14%,17,4%,3,1%,12,3%,13,3%,176,42%,5,1%,25,6%,42,10%,176,42%,131,31%,1,0%,52,12%,17,4%,57,14%,4,1%,1,0%
CHELSEA ADDITION,0,0%,0,0%,0,0%,0,0%,0,0%,0,0%,0,0%,0,0%,0,0%,5,5%,41,37%,47,42%,18,16%,77,82%,16,17%,0,0%,1,1%,0,0%,0,0%,0,0%,0,0%,0,0%,0,0%,0,0%,0,0%,7,7%,0,0%,1,1%,3,3%,73,78%,44,47%,1,1%,19,20%,0,0%,12,13%,0,0%,,0%
CLAREMONT PARKWAY-FRANKLIN AVENUE,5,2%,11,4%,15,5%,17,6%,14,5%,22,8%,16,6%,25,9%,15,5%,19,7%,62,21%,52,18%,17,6%,99,53%,15,8%,23,12%,5,3%,3,2%,2,1%,20,11%,10,5%,4,2%,1,1%,1,1%,3,2%,50,27%,0,0%,3,2%,9,5%,103,55%,74,40%,3,2%,19,10%,1,1%,9,5%,1,1%,,0%
CLAREMONT REHAB (GROUP 2),23,8%,31,11%,34,12%,26,9%,27,10%,32,12%,35,13%,28,10%,5,2%,8,3%,20,7%,5,2%,0,0%,12,11%,3,3%,9,9%,6,6%,5,5%,1,1%,45,43%,13,12%,7,7%,0,0%,2,2%,2,2%,58,55%,0,0%,2,2%,20,19%,24,23%,32,30%,0,0%,0,0%,6,6%,1,1%,3,3%,,0%
CLAREMONT REHAB (GROUP 3),23,9%,32,12%,27,10%,24,9%,23,9%,41,15%,23,9%,26,10%,14,5%,13,5%,14,5%,4,2%,2,1%,11,11%,2,2%,13,12%,2,2%,6,6%,2,2%,38,37%,18,17%,5,5%,2,2%,2,2%,3,3%,64,62%,0,0%,5,5%,15,14%,21,20%,21,20%,0,0%,6,6%,9,9%,1,1%,6,6%,1,1%
CLAREMONT REHAB (GROUP 4),25,7%,32,9%,30,9%,38,11%,35,10%,44,13%,38,11%,43,13%,11,3%,8,2%,23,7%,11,3%,1,0%,17,12%,4,3%,17,12%,2,1%,5,3%,2,1%,52,36%,31,21%,10,7%,2,1%,2,1%,1,1%,67,46%,1,1%,12,8%,26,18%,30,21%,45,31%,0,0%,5,3%,9,6%,3,2%,5,3%,2,1%
CLAREMONT REHAB (GROUP 5),24,7%,30,9%,29,9%,28,9%,40,12%,41,13%,32,10%,37,12%,18,6%,18,6%,19,6%,5,2%,0,0%,11,9%,2,2%,13,10%,9,7%,6,5%,2,2%,41,32%,29,22%,9,7%,3,2%,1,1%,3,2%,76,59%,0,0%,9,7%,18,14%,24,19%,46,36%,1,1%,4,3%,1,1%,3,2%,4,3%,1,1%
CLASON POINT GARDENS,29,3%,56,6%,64,7%,95,11%,87,10%,97,11%,76,9%,88,10%,53,6%,50,6%,100,11%,65,7%,11,1%,108,27%,19,5%,48,12%,3,1%,17,4%,11,3%,81,20%,78,19%,9,2%,5,1%,11,3%,11,3%,163,41%,0,0%,20,5%,48,12%,164,41%,109,27%,5,1%,52,13%,0,0%,34,8%,2,0%,,0%
CLINTON,85,5%,134,7%,167,9%,185,10%,187,10%,184,10%,169,9%,206,11%,123,7%,83,5%,149,8%,97,5%,43,2%,152,21%,30,4%,102,14%,7,1%,32,4%,30,4%,163,22%,112,15%,44,6%,13,2%,31,4%,24,3%,300,41%,7,1%,47,6%,84,11%,314,42%,244,33%,3,0%,80,11%,7,1%,38,5%,9,1%,4,1%
COLLEGE AVENUE-EAST 165TH STREET,0,0%,0,0%,0,0%,0,0%,0,0%,0,0%,0,0%,2,2%,1,1%,3,3%,51,52%,35,36%,6,6%,88,94%,2,2%,2,2%,2,2%,0,0%,0,0%,0,0%,0,0%,0,0%,0,0%,0,0%,0,0%,4,4%,0,0%,0,0%,1,1%,63,67%,66,70%,2,2%,12,13%,0,0%,0,0%,1,1%,,0%
CONEY ISLAND,59,5%,75,6%,84,7%,107,9%,103,9%,134,11%,118,10%,147,12%,72,6%,93,8%,110,9%,70,6%,11,1%,95,18%,31,6%,73,14%,15,3%,22,4%,19,4%,115,22%,100,19%,15,3%,9,2%,8,2%,20,4%,222,43%,0,0%,28,5%,54,10%,171,33%,178,34%,4,1%,61,12%,7,1%,18,3%,10,2%,7,1%
CONEY ISLAND I (SITE 1B),26,5%,45,9%,34,7%,53,10%,71,14%,55,11%,43,8%,63,12%,25,5%,28,5%,40,8%,26,5%,4,1%,29,15%,10,5%,22,12%,4,2%,12,6%,8,4%,34,18%,28,15%,20,11%,6,3%,7,4%,8,4%,83,44%,0,0%,12,6%,23,12%,57,30%,75,40%,3,2%,11,6%,4,2%,4,2%,8,4%,4,2%
CONEY ISLAND I (SITE 8),14,4%,30,8%,43,12%,48,13%,42,12%,39,11%,35,10%,49,14%,12,3%,14,4%,17,5%,12,3%,1,0%,12,10%,1,1%,15,12%,2,2%,6,5%,4,3%,41,34%,19,16%,4,3%,1,1%,9,7%,7,6%,56,46%,0,0%,8,7%,19,16%,38,31%,34,28%,0,0%,8,7%,5,4%,2,2%,7,6%,,0%
CONEY ISLAND I (SITES 4 & 5),58,5%,77,7%,119,11%,165,15%,121,11%,102,9%,103,10%,141,13%,73,7%,36,3%,56,5%,27,2%,2,0%,32,9%,10,3%,56,15%,9,2%,31,8%,17,5%,104,28%,59,16%,24,6%,7,2%,13,3%,11,3%,183,49%,0,0%,36,10%,69,18%,95,25%,123,33%,1,0%,25,7%,11,3%,18,5%,8,2%,4,1%
CONLON LIHFE TOWERS,0,0%,0,0%,0,0%,0,0%,0,0%,0,0%,1,0%,1,0%,1,0%,14,6%,102,44%,85,37%,26,11%,183,87%,17,8%,7,3%,1,0%,0,0%,0,0%,0,0%,0,0%,0,0%,0,0%,0,0%,2,1%,14,7%,1,0%,0,0%,1,0%,172,82%,94,45%,2,1%,49,23%,0,0%,5,2%,0,0%,,0%
COOPER PARK,86,5%,111,7%,119,8%,161,10%,141,9%,191,12%,155,10%,187,12%,113,7%,83,5%,131,8%,85,5%,22,1%,104,15%,26,4%,113,16%,19,3%,23,3%,9,1%,150,22%,130,19%,43,6%,18,3%,28,4%,28,4%,307,44%,0,0%,32,5%,72,10%,253,37%,219,32%,5,1%,58,8%,8,1%,28,4%,17,2%,8,1%
CORSI HOUSES,0,0%,0,0%,0,0%,0,0%,0,0%,0,0%,0,0%,0,0%,0,0%,1,1%,83,46%,83,46%,13,7%,156,93%,12,7%,0,0%,0,0%,0,0%,0,0%,0,0%,0,0%,0,0%,0,0%,0,0%,0,0%,6,4%,0,0%,1,1%,5,3%,120,71%,98,58%,4,2%,19,11%,0,0%,3,2%,2,1%,,0%
CROWN HEIGHTS,19,7%,16,6%,23,9%,24,9%,32,12%,38,14%,33,12%,31,12%,16,6%,13,5%,16,6%,5,2%,3,1%,11,9%,1,1%,18,15%,1,1%,0,0%,1,1%,39,32%,32,27%,3,2%,3,2%,3,2%,8,7%,75,62%,1,1%,8,7%,15,12%,36,30%,23,19%,1,1%,11,9%,3,2%,2,2%,1,1%,,0%
CYPRESS HILLS,199,6%,292,8%,315,9%,409,12%,382,11%,366,11%,352,10%,456,13%,185,5%,165,5%,219,6%,99,3%,38,1%,228,16%,22,2%,229,16%,19,1%,70,5%,32,2%,374,26%,252,18%,79,6%,18,1%,54,4%,50,4%,680,48%,1,0%,81,6%,171,12%,367,26%,430,30%,7,0%,71,5%,32,2%,33,2%,56,4%,27,2%
DAVIDSON,27,5%,45,9%,54,11%,70,14%,62,13%,30,6%,41,8%,48,10%,17,3%,15,3%,36,7%,39,8%,11,2%,56,32%,7,4%,9,5%,2,1%,15,9%,4,2%,36,21%,17,10%,15,9%,5,3%,6,3%,1,1%,66,38%,0,0%,14,8%,16,9%,81,47%,71,41%,0,0%,15,9%,7,4%,6,3%,9,5%,4,2%
DE HOSTOS APARTMENTS,15,3%,41,9%,33,7%,50,10%,41,9%,48,10%,43,9%,51,11%,36,8%,38,8%,40,8%,35,7%,9,2%,48,23%,9,4%,37,17%,5,2%,8,4%,5,2%,34,16%,38,18%,17,8%,1,0%,7,3%,3,1%,97,46%,0,0%,14,7%,20,9%,80,38%,73,34%,2,1%,22,10%,3,1%,3,1%,8,4%,3,1%
DOUGLASS ADDITION,17,5%,28,9%,28,9%,35,11%,32,10%,35,11%,25,8%,36,11%,28,9%,15,5%,23,7%,19,6%,6,2%,32,24%,5,4%,25,19%,4,3%,7,5%,2,2%,28,21%,11,8%,7,5%,0,0%,7,5%,5,4%,61,46%,0,0%,7,5%,16,12%,51,38%,39,29%,0,0%,13,10%,6,5%,2,2%,3,2%,,0%
DOUGLASS I,98,4%,126,5%,204,8%,232,9%,278,11%,258,10%,231,9%,327,12%,193,7%,159,6%,244,9%,187,7%,97,4%,296,23%,53,4%,255,20%,19,1%,37,3%,37,3%,224,18%,202,16%,55,4%,27,2%,18,1%,49,4%,521,41%,0,0%,45,4%,114,9%,496,39%,384,30%,10,1%,151,12%,39,3%,11,1%,28,2%,7,1%
DOUGLASS II,61,4%,83,5%,123,8%,156,10%,166,10%,161,10%,143,9%,210,13%,90,6%,98,6%,149,9%,107,7%,55,3%,149,20%,37,5%,129,18%,12,2%,21,3%,24,3%,130,18%,149,20%,27,4%,18,2%,16,2%,25,3%,328,45%,0,0%,39,5%,62,8%,300,41%,212,29%,5,1%,99,13%,25,3%,6,1%,34,5%,13,2%
DREW-HAMILTON,159,6%,216,8%,247,9%,307,11%,301,11%,299,11%,243,9%,331,12%,166,6%,125,5%,184,7%,120,4%,45,2%,213,18%,16,1%,312,27%,11,1%,23,2%,20,2%,290,25%,135,12%,40,3%,24,2%,42,4%,39,3%,452,39%,0,0%,65,6%,172,15%,426,37%,346,30%,22,2%,98,8%,30,3%,17,1%,33,3%,13,1%
DYCKMAN,98,4%,139,6%,180,8%,184,8%,191,8%,255,11%,221,9%,288,12%,164,7%,186,8%,271,11%,138,6%,60,3%,265,23%,61,5%,166,14%,26,2%,24,2%,35,3%,253,22%,209,18%,29,3%,17,1%,26,2%,46,4%,493,43%,4,0%,62,5%,103,9%,502,43%,343,30%,10,1%,150,13%,33,3%,17,1%,55,5%,23,2%
EAGLE AVENUE-EAST 163RD STREET,5,4%,13,9%,16,12%,13,9%,12,9%,16,12%,18,13%,10,7%,8,6%,10,7%,10,7%,6,4%,0,0%,12,19%,0,0%,14,22%,2,3%,2,3%,1,2%,20,31%,7,11%,2,3%,0,0%,2,3%,2,3%,27,42%,0,0%,4,6%,15,23%,21,33%,20,31%,1,2%,3,5%,1,2%,0,0%,2,3%,2,3%
EAST 152ND STREET-COURTLANDT AVENUE,15,4%,12,3%,20,5%,36,9%,31,8%,31,8%,27,7%,34,9%,17,4%,14,4%,73,18%,66,17%,21,5%,124,56%,12,5%,12,5%,2,1%,2,1%,1,0%,19,9%,25,11%,11,5%,2,1%,7,3%,3,1%,53,24%,0,0%,3,1%,14,6%,114,52%,104,47%,2,1%,23,10%,5,2%,2,1%,3,1%,1,0%
EAST 165TH STREET-BRYANT AVENUE,21,6%,40,11%,47,13%,48,13%,33,9%,50,14%,44,12%,33,9%,22,6%,11,3%,14,4%,5,1%,1,0%,5,5%,0,0%,8,7%,0,0%,7,6%,5,5%,30,27%,21,19%,11,10%,0,0%,19,17%,5,5%,70,63%,2,2%,11,10%,14,13%,34,31%,33,30%,1,1%,4,4%,7,6%,8,7%,1,1%,,0%
EAST 173RD STREET-VYSE AVENUE,20,5%,34,8%,44,10%,44,10%,57,13%,50,12%,46,11%,59,14%,23,5%,22,5%,20,5%,7,2%,3,1%,10,6%,3,2%,22,13%,3,2%,4,2%,6,4%,51,31%,41,25%,9,5%,1,1%,9,5%,7,4%,98,59%,0,0%,7,4%,21,13%,36,22%,49,30%,0,0%,5,3%,7,4%,8,5%,2,1%,,0%
EAST 180TH STREET-MONTEREY AVENUE,34,6%,48,9%,38,7%,45,8%,69,13%,60,11%,51,9%,72,13%,38,7%,26,5%,48,9%,16,3%,5,1%,33,14%,4,2%,41,17%,5,2%,5,2%,8,3%,63,27%,51,22%,10,4%,1,0%,7,3%,8,3%,125,53%,0,0%,4,2%,29,12%,102,43%,81,34%,3,1%,17,7%,21,9%,0,0%,4,2%,1,0%
EAST NEW YORK CITY LINE,16,6%,25,9%,31,11%,34,12%,48,17%,44,15%,27,9%,27,9%,16,6%,6,2%,6,2%,5,2%,3,1%,4,6%,0,0%,2,3%,0,0%,7,11%,2,3%,16,25%,10,15%,10,15%,2,3%,7,11%,5,8%,32,49%,0,0%,8,12%,11,17%,22,34%,21,32%,0,0%,3,5%,1,2%,1,2%,3,5%,1,2%
EAST RIVER,123,5%,198,8%,218,9%,227,9%,214,9%,277,11%,224,9%,306,13%,163,7%,132,5%,199,8%,99,4%,51,2%,228,20%,41,4%,230,20%,26,2%,51,4%,13,1%,281,24%,173,15%,46,4%,10,1%,27,2%,25,2%,478,42%,2,0%,63,5%,134,12%,379,33%,402,35%,5,0%,73,6%,32,3%,41,4%,19,2%,14,1%
EASTCHESTER GARDENS,86,4%,170,8%,201,10%,245,12%,230,11%,217,10%,226,11%,250,12%,97,5%,108,5%,157,7%,77,4%,39,2%,158,18%,27,3%,129,15%,14,2%,29,3%,18,2%,225,26%,163,19%,48,6%,17,2%,22,3%,18,2%,382,44%,0,0%,40,5%,115,13%,304,35%,224,26%,4,0%,96,11%,22,3%,11,1%,31,4%,15,2%
EDENWALD,263,5%,470,9%,552,11%,591,12%,619,12%,537,10%,526,10%,611,12%,253,5%,214,4%,289,6%,140,3%,55,1%,293,15%,38,2%,279,14%,22,1%,64,3%,51,3%,680,34%,363,18%,100,5%,30,1%,54,3%,40,2%,1074,53%,5,0%,109,5%,298,15%,571,28%,634,31%,4,0%,140,7%,104,5%,135,7%,36,2%,10,0%
ELLIOTT,53,4%,85,6%,112,8%,136,10%,131,10%,134,10%,132,10%,186,14%,88,6%,96,7%,127,9%,69,5%,28,2%,92,16%,33,6%,92,16%,15,3%,27,5%,30,5%,107,18%,94,16%,39,7%,11,2%,17,3%,27,5%,277,47%,2,0%,35,6%,64,11%,250,43%,184,32%,1,0%,78,13%,17,3%,41,7%,0,0%,,0%
FARRAGUT,132,4%,218,7%,276,8%,382,12%,353,11%,372,11%,308,9%,425,13%,200,6%,189,6%,271,8%,99,3%,42,1%,243,18%,30,2%,215,16%,18,1%,53,4%,37,3%,300,22%,251,18%,73,5%,28,2%,60,4%,65,5%,648,47%,0,0%,65,5%,143,10%,479,35%,407,30%,12,1%,82,6%,12,1%,51,4%,20,1%,15,1%
FENIMORE-LEFFERTS,1,1%,4,4%,5,5%,13,13%,11,11%,12,12%,9,9%,10,10%,7,7%,6,6%,13,13%,6,6%,4,4%,6,17%,2,6%,0,0%,0,0%,1,3%,8,22%,6,17%,10,28%,2,6%,0,0%,1,3%,0,0%,17,47%,1,3%,2,6%,4,11%,18,50%,12,33%,1,3%,8,22%,1,3%,3,8%,2,6%,,0%
FIRST HOUSES,12,6%,15,8%,12,6%,13,7%,8,4%,19,10%,22,11%,19,10%,11,6%,17,9%,24,12%,15,8%,9,5%,41,33%,6,5%,36,29%,1,1%,1,1%,0,0%,27,21%,6,5%,0,0%,2,2%,1,1%,5,4%,46,37%,0,0%,7,6%,11,9%,50,40%,36,29%,0,0%,4,3%,1,1%,11,9%,1,1%,,0%
FOREST,170,5%,256,8%,301,10%,352,11%,352,11%,324,10%,291,9%,358,11%,174,6%,129,4%,268,8%,143,5%,37,1%,253,19%,42,3%,199,15%,16,1%,43,3%,19,1%,362,27%,254,19%,66,5%,23,2%,33,2%,31,2%,576,43%,0,0%,78,6%,189,14%,423,32%,457,34%,3,0%,81,6%,12,1%,39,3%,30,2%,11,1%
FORT INDEPENDENCE STREET-HEATH AVENUE,39,5%,61,8%,62,8%,73,10%,76,10%,80,11%,74,10%,83,11%,56,7%,42,6%,75,10%,34,4%,2,0%,60,18%,9,3%,54,16%,10,3%,10,3%,11,3%,83,24%,62,18%,22,6%,4,1%,6,2%,8,2%,157,46%,0,0%,20,6%,49,14%,116,34%,121,36%,4,1%,21,6%,6,2%,3,1%,20,6%,4,1%
FULTON,75,3%,111,5%,158,7%,176,8%,215,10%,245,11%,206,9%,327,15%,147,7%,130,6%,206,9%,125,6%,60,3%,183,20%,44,5%,197,21%,31,3%,47,5%,54,6%,121,13%,120,13%,54,6%,18,2%,34,4%,35,4%,448,48%,2,0%,55,6%,80,9%,415,44%,290,31%,2,0%,114,12%,18,2%,19,2%,30,3%,10,1%
GARVEY (GROUP A),37,5%,65,8%,87,11%,95,12%,84,11%,77,10%,74,9%,93,12%,21,3%,24,3%,75,9%,48,6%,16,2%,109,35%,5,2%,19,6%,1,0%,14,4%,5,2%,62,20%,45,14%,23,7%,6,2%,16,5%,9,3%,116,37%,0,0%,15,5%,32,10%,141,45%,91,29%,0,0%,30,10%,2,1%,7,2%,6,2%,4,1%
GLEBE AVENUE-WESTCHESTER AVENUE,0,0%,1,1%,0,0%,1,1%,0,0%,0,0%,2,1%,0,0%,1,1%,5,3%,63,43%,51,35%,23,16%,113,88%,14,11%,0,0%,1,1%,0,0%,0,0%,0,0%,0,0%,0,0%,0,0%,1,1%,0,0%,6,5%,0,0%,1,1%,0,0%,106,82%,50,39%,3,2%,37,29%,0,0%,0,0%,0,0%,,0%
GLENMORE PLAZA,57,7%,53,6%,67,8%,60,7%,70,9%,86,10%,75,9%,101,12%,43,5%,44,5%,89,11%,61,7%,16,2%,105,24%,19,4%,94,22%,5,1%,6,1%,6,1%,113,26%,52,12%,13,3%,4,1%,9,2%,8,2%,180,41%,0,0%,18,4%,55,13%,153,35%,115,26%,1,0%,60,14%,11,3%,14,3%,15,3%,13,3%
GLENWOOD,138,5%,217,8%,240,9%,251,9%,266,10%,324,12%,270,10%,328,12%,143,5%,121,5%,196,7%,109,4%,41,2%,191,16%,34,3%,172,15%,16,1%,25,2%,25,2%,345,29%,216,18%,62,5%,26,2%,29,2%,37,3%,575,49%,0,0%,61,5%,154,13%,384,33%,285,24%,8,1%,114,10%,28,2%,11,1%,70,6%,21,2%
GOMPERS,64,6%,69,6%,92,8%,115,10%,112,10%,114,10%,116,10%,119,10%,76,7%,86,7%,90,8%,76,7%,33,3%,96,20%,26,6%,56,12%,12,3%,40,9%,26,6%,88,19%,64,14%,27,6%,14,3%,10,2%,10,2%,234,50%,0,0%,18,4%,41,9%,204,43%,148,32%,2,0%,49,10%,14,3%,36,8%,18,4%,4,1%
GOWANUS,121,4%,186,7%,219,8%,280,10%,306,11%,311,11%,238,9%,373,14%,156,6%,141,5%,229,8%,118,4%,50,2%,180,16%,38,3%,158,14%,9,1%,58,5%,42,4%,219,20%,212,19%,70,6%,40,4%,53,5%,41,4%,520,46%,0,0%,69,6%,130,12%,392,35%,331,30%,6,1%,105,9%,22,2%,22,2%,23,2%,11,1%
GRANT,211,5%,277,6%,356,8%,453,10%,453,10%,493,11%,395,9%,583,13%,297,7%,231,5%,349,8%,232,5%,113,3%,331,17%,64,3%,277,14%,30,2%,78,4%,50,3%,420,22%,406,21%,110,6%,43,2%,49,3%,56,3%,872,46%,0,0%,102,5%,190,10%,754,39%,542,28%,11,1%,193,10%,61,3%,28,1%,76,4%,29,2%
GRAVESEND,85,6%,123,8%,138,9%,150,10%,169,12%,159,11%,154,11%,169,12%,100,7%,71,5%,76,5%,47,3%,19,1%,94,16%,12,2%,89,15%,5,1%,27,4%,15,2%,166,27%,114,19%,37,6%,3,0%,17,3%,25,4%,271,45%,0,0%,30,5%,89,15%,161,27%,190,31%,1,0%,31,5%,10,2%,16,3%,26,4%,8,1%
GUN HILL,74,5%,110,8%,117,8%,132,9%,132,9%,144,10%,110,8%,171,12%,116,8%,92,6%,141,10%,64,4%,37,3%,153,21%,31,4%,159,22%,14,2%,11,2%,14,2%,173,24%,100,14%,28,4%,10,1%,13,2%,14,2%,280,39%,0,0%,37,5%,79,11%,269,37%,196,27%,0,0%,99,14%,29,4%,15,2%,16,2%,6,1%
HABER,0,0%,0,0%,0,0%,0,0%,0,0%,0,0%,0,0%,1,0%,3,1%,12,3%,129,29%,221,50%,79,18%,304,81%,64,17%,1,0%,6,2%,0,0%,0,0%,0,0%,0,0%,0,0%,0,0%,0,0%,0,0%,13,3%,0,0%,0,0%,2,1%,115,31%,321,86%,3,1%,31,8%,0,0%,3,1%,2,1%,,0%
HAMMEL,129,7%,167,10%,187,11%,204,12%,191,11%,217,12%,182,10%,197,11%,82,5%,69,4%,83,5%,26,1%,12,1%,72,11%,8,1%,98,15%,4,1%,17,3%,19,3%,218,33%,135,20%,25,4%,8,1%,48,7%,12,2%,304,46%,0,0%,63,9%,125,19%,154,23%,181,27%,5,1%,24,4%,23,3%,8,1%,21,3%,5,1%
HARBORVIEW TERRACE,16,2%,27,4%,30,5%,31,5%,21,3%,49,7%,44,7%,76,12%,25,4%,27,4%,143,22%,130,20%,35,5%,200,53%,28,7%,37,10%,5,1%,11,3%,18,5%,23,6%,27,7%,13,3%,4,1%,5,1%,4,1%,111,30%,0,0%,6,2%,15,4%,234,62%,154,41%,2,1%,72,19%,4,1%,30,8%,3,1%,2,1%
HARLEM RIVER,47,5%,93,9%,86,9%,72,7%,80,8%,137,14%,114,12%,129,13%,63,6%,47,5%,75,8%,28,3%,11,1%,92,18%,11,2%,140,27%,9,2%,3,1%,6,1%,160,31%,57,11%,9,2%,0,0%,13,3%,17,3%,239,46%,0,0%,45,9%,59,11%,156,30%,102,20%,5,1%,39,8%,15,3%,5,1%,17,3%,8,2%
HARLEM RIVER II,20,7%,32,12%,27,10%,15,5%,25,9%,39,14%,22,8%,34,12%,10,4%,10,4%,23,8%,9,3%,10,4%,19,17%,5,4%,13,11%,2,2%,1,1%,5,4%,42,37%,14,12%,4,3%,3,3%,2,2%,5,4%,46,40%,0,0%,10,9%,13,11%,47,41%,37,32%,3,3%,17,15%,2,2%,0,0%,3,3%,2,2%
HARRISON AVENUE REHAB (GROUP A),3,4%,5,7%,5,7%,7,9%,3,4%,9,12%,6,8%,8,11%,10,14%,4,5%,11,15%,2,3%,1,1%,3,9%,4,12%,5,15%,2,6%,2,6%,0,0%,5,15%,6,18%,1,3%,0,0%,3,9%,3,9%,15,44%,0,0%,2,6%,6,18%,12,35%,10,29%,0,0%,3,9%,0,0%,1,3%,2,6%,1,3%
HARRISON AVENUE REHAB (GROUP B),16,5%,35,11%,16,5%,14,4%,21,7%,49,15%,27,8%,36,11%,29,9%,25,8%,38,12%,10,3%,2,1%,27,18%,9,6%,21,14%,6,4%,4,3%,1,1%,30,20%,17,12%,10,7%,2,1%,4,3%,16,11%,64,44%,0,0%,5,3%,12,8%,45,31%,53,36%,1,1%,7,5%,4,3%,0,0%,6,4%,4,3%
HERNANDEZ,5,2%,13,5%,10,4%,18,7%,18,7%,25,9%,19,7%,28,10%,21,8%,23,9%,43,16%,26,10%,18,7%,46,31%,17,11%,30,20%,6,4%,3,2%,5,3%,15,10%,20,14%,2,1%,1,1%,2,1%,1,1%,61,41%,0,0%,6,4%,11,7%,79,53%,49,33%,2,1%,27,18%,2,1%,0,0%,20,14%,,0%
HIGHBRIDGE GARDENS,83,5%,110,7%,160,10%,201,12%,182,11%,163,10%,165,10%,215,13%,88,5%,99,6%,125,7%,63,4%,29,2%,115,17%,14,2%,97,14%,15,2%,29,4%,16,2%,153,22%,137,20%,50,7%,11,2%,28,4%,26,4%,315,46%,0,0%,44,6%,84,12%,236,34%,208,30%,7,1%,50,7%,20,3%,5,1%,18,3%,9,1%
HOE AVENUE-EAST 173RD STREET,9,7%,11,8%,14,11%,9,7%,11,8%,14,11%,12,9%,12,9%,13,10%,8,6%,11,8%,7,5%,1,1%,13,20%,3,5%,18,28%,0,0%,1,2%,1,2%,15,23%,7,11%,1,2%,0,0%,4,6%,2,3%,31,48%,1,2%,4,6%,6,9%,21,32%,17,26%,0,0%,8,12%,1,2%,2,3%,0,0%,,0%
HOLMES TOWERS,43,5%,61,7%,52,6%,52,6%,66,7%,105,11%,68,7%,147,16%,81,9%,60,6%,106,11%,68,7%,22,2%,142,27%,23,4%,144,27%,19,4%,8,2%,10,2%,99,19%,64,12%,12,2%,2,0%,2,0%,7,1%,190,36%,2,0%,23,4%,49,9%,212,40%,159,30%,2,0%,58,11%,9,2%,7,1%,24,5%,11,2%
HOWARD,108,6%,174,9%,205,11%,207,11%,192,10%,250,13%,210,11%,234,12%,88,5%,77,4%,120,6%,43,2%,18,1%,120,15%,11,1%,130,16%,5,1%,25,3%,9,1%,248,31%,132,16%,49,6%,20,2%,32,4%,22,3%,388,48%,0,0%,58,7%,116,14%,237,30%,243,30%,1,0%,54,7%,7,1%,29,4%,12,1%,5,1%
HOWARD AVENUE,21,6%,50,13%,44,12%,41,11%,32,8%,44,12%,48,13%,35,9%,21,6%,16,4%,24,6%,3,1%,1,0%,17,11%,2,1%,16,11%,3,2%,6,4%,6,4%,56,38%,22,15%,9,6%,0,0%,8,5%,3,2%,80,54%,0,0%,8,5%,23,16%,49,33%,30,20%,0,0%,9,6%,0,0%,6,4%,0,0%,,0%
HOWARD AVENUE-PARK PLACE,26,5%,39,8%,47,10%,69,15%,48,10%,74,16%,52,11%,49,10%,27,6%,18,4%,19,4%,3,1%,3,1%,6,4%,1,1%,13,8%,0,0%,5,3%,4,3%,58,37%,38,25%,16,10%,0,0%,5,3%,9,6%,94,61%,0,0%,15,10%,31,20%,47,30%,28,18%,0,0%,5,3%,1,1%,10,6%,0,0%,,0%
HUGHES APARTMENTS,85,6%,150,11%,162,12%,166,12%,153,11%,188,13%,134,10%,149,11%,51,4%,41,3%,68,5%,38,3%,13,1%,65,13%,9,2%,65,13%,6,1%,21,4%,7,1%,179,35%,74,15%,24,5%,12,2%,25,5%,18,4%,239,47%,0,0%,41,8%,88,17%,118,23%,177,35%,3,1%,22,4%,30,6%,6,1%,16,3%,7,1%
HUNTS POINT AVENUE REHAB,21,7%,24,8%,26,8%,41,13%,34,11%,43,14%,33,10%,47,15%,14,4%,14,4%,17,5%,4,1%,0,0%,9,7%,0,0%,19,15%,0,0%,3,2%,2,2%,49,37%,30,23%,6,5%,0,0%,4,3%,9,7%,72,55%,3,2%,3,2%,19,15%,35,27%,44,34%,0,0%,2,2%,3,2%,8,6%,2,2%,2,2%
HYLAN,22,5%,31,7%,35,8%,50,11%,43,9%,47,10%,37,8%,52,11%,25,5%,17,4%,52,11%,31,7%,13,3%,42,20%,12,6%,24,12%,5,2%,1,0%,4,2%,61,29%,37,18%,6,3%,7,3%,5,2%,3,1%,87,42%,0,0%,12,6%,27,13%,91,44%,52,25%,1,0%,42,20%,3,1%,10,5%,8,4%,2,1%
INGERSOLL,210,5%,372,9%,354,9%,387,10%,392,10%,415,10%,436,11%,526,13%,214,5%,229,6%,253,6%,136,3%,41,1%,237,15%,53,3%,234,15%,32,2%,101,6%,39,2%,310,20%,216,14%,50,3%,28,2%,166,11%,103,7%,832,53%,18,1%,114,7%,216,14%,454,29%,391,25%,8,1%,113,7%,47,3%,82,5%,77,5%,17,1%
INTERNATIONAL TOWER,0,0%,0,0%,0,0%,0,0%,0,0%,0,0%,0,0%,2,1%,2,1%,4,2%,60,37%,59,36%,37,23%,120,85%,18,13%,0,0%,2,1%,0,0%,0,0%,0,0%,1,1%,0,0%,0,0%,0,0%,1,1%,13,9%,0,0%,1,1%,1,1%,105,74%,69,49%,2,1%,38,27%,0,0%,5,4%,0,0%,,0%
ISAACS,58,5%,81,7%,82,7%,70,6%,101,8%,146,12%,106,9%,169,14%,91,7%,88,7%,118,10%,94,8%,34,3%,149,24%,23,4%,144,23%,21,3%,16,3%,20,3%,122,19%,92,15%,13,2%,7,1%,8,1%,14,2%,262,42%,9,1%,37,6%,47,7%,243,39%,190,30%,2,0%,66,10%,13,2%,10,2%,22,3%,10,2%
JACKSON,147,6%,216,9%,265,11%,286,12%,262,11%,253,11%,227,10%,265,11%,85,4%,76,3%,132,6%,82,4%,22,1%,123,14%,23,3%,111,13%,11,1%,34,4%,10,1%,297,35%,125,15%,35,4%,16,2%,46,5%,26,3%,409,48%,0,0%,51,6%,122,14%,236,28%,298,35%,3,0%,34,4%,24,3%,12,1%,33,4%,12,1%
JEFFERSON,191,5%,254,7%,290,8%,359,10%,368,10%,418,12%,333,9%,428,12%,214,6%,166,5%,261,7%,187,5%,58,2%,239,16%,54,4%,206,14%,26,2%,57,4%,34,2%,335,23%,306,21%,97,7%,33,2%,46,3%,47,3%,697,47%,0,0%,64,4%,159,11%,541,37%,487,33%,7,0%,125,8%,66,4%,46,3%,85,6%,34,2%
JOHNSON,138,4%,235,7%,276,9%,339,11%,296,9%,334,11%,313,10%,385,12%,187,6%,163,5%,257,8%,142,5%,76,2%,242,19%,52,4%,163,13%,15,1%,90,7%,46,4%,268,21%,239,19%,65,5%,23,2%,53,4%,35,3%,642,50%,5,0%,84,7%,113,9%,469,36%,364,28%,9,1%,134,10%,36,3%,11,1%,41,3%,17,1%
KING TOWERS,125,4%,202,7%,270,9%,342,11%,320,10%,310,10%,295,10%,387,13%,174,6%,160,5%,247,8%,144,5%,87,3%,286,21%,40,3%,243,18%,14,1%,48,4%,28,2%,292,21%,236,17%,74,5%,38,3%,31,2%,33,2%,563,41%,2,0%,48,4%,167,12%,520,38%,385,28%,10,1%,136,10%,35,3%,24,2%,36,3%,14,1%
KINGSBOROUGH,192,8%,298,12%,223,9%,230,9%,219,9%,323,13%,255,10%,300,12%,118,5%,90,4%,141,6%,76,3%,19,1%,167,15%,23,2%,242,21%,13,1%,28,2%,12,1%,411,36%,139,12%,35,3%,11,1%,29,3%,27,2%,509,45%,0,0%,57,5%,187,16%,324,28%,322,28%,0,0%,65,6%,36,3%,0,0%,43,4%,20,2%
KINGSBOROUGH EXTENSION,0,0%,0,0%,0,0%,0,0%,0,0%,0,0%,0,0%,1,1%,3,2%,3,2%,84,43%,81,42%,23,12%,166,92%,11,6%,1,1%,2,1%,0,0%,0,0%,0,0%,0,0%,0,0%,0,0%,0,0%,1,1%,9,5%,0,0%,0,0%,1,1%,151,83%,77,43%,0,0%,49,27%,0,0%,0,0%,1,1%,,0%
LA GUARDIA,79,3%,151,6%,176,7%,221,9%,230,9%,260,10%,216,9%,293,12%,209,8%,186,7%,250,10%,167,7%,90,4%,207,19%,82,8%,139,13%,26,2%,59,5%,72,7%,149,14%,177,16%,61,6%,22,2%,38,4%,46,4%,486,45%,1,0%,57,5%,85,8%,469,44%,351,33%,4,0%,150,14%,12,1%,6,1%,89,8%,16,1%
LA GUARDIA ADDITION,0,0%,0,0%,0,0%,0,0%,0,0%,0,0%,0,0%,0,0%,2,1%,2,1%,46,25%,94,51%,40,22%,101,71%,40,28%,1,1%,1,1%,0,0%,0,0%,0,0%,0,0%,0,0%,0,0%,0,0%,0,0%,3,2%,0,0%,0,0%,0,0%,115,80%,93,65%,0,0%,56,39%,0,0%,1,1%,7,5%,,0%
LAFAYETTE,146,6%,213,9%,237,9%,311,12%,290,12%,283,11%,212,8%,291,12%,135,5%,111,4%,154,6%,84,3%,35,1%,122,14%,28,3%,118,13%,9,1%,59,7%,38,4%,204,23%,135,15%,66,8%,23,3%,40,5%,34,4%,429,49%,3,0%,49,6%,136,16%,299,34%,239,27%,3,0%,90,10%,19,2%,3,0%,29,3%,6,1%
LATIMER GARDENS,29,4%,53,7%,46,6%,67,8%,55,7%,74,9%,84,10%,88,11%,68,8%,68,8%,90,11%,55,7%,32,4%,117,28%,22,5%,72,17%,22,5%,11,3%,10,2%,71,17%,54,13%,16,4%,3,1%,10,2%,13,3%,180,43%,0,0%,25,6%,31,7%,184,44%,131,31%,0,0%,38,9%,11,3%,9,2%,14,3%,1,0%
LEAVITT STREET-34TH AVENUE,0,0%,0,0%,0,0%,0,0%,0,0%,0,0%,0,0%,1,1%,1,1%,3,3%,28,28%,53,52%,15,15%,63,77%,16,20%,0,0%,3,4%,0,0%,0,0%,0,0%,0,0%,0,0%,0,0%,0,0%,0,0%,7,9%,0,0%,0,0%,1,1%,58,71%,46,56%,0,0%,18,22%,0,0%,1,1%,7,9%,,0%
LEHMAN,78,5%,105,7%,125,9%,163,11%,161,11%,136,9%,135,9%,185,13%,82,6%,78,5%,101,7%,79,5%,41,3%,119,20%,25,4%,93,15%,18,3%,34,6%,16,3%,141,23%,80,13%,32,5%,13,2%,18,3%,21,3%,268,44%,2,0%,30,5%,84,14%,226,37%,187,31%,8,1%,68,11%,19,3%,18,3%,10,2%,6,1%
LENOX ROAD-ROCKAWAY PARKWAY,16,9%,14,8%,15,9%,22,13%,13,8%,28,16%,13,8%,23,14%,8,5%,8,5%,7,4%,3,2%,0,0%,7,10%,2,3%,14,19%,0,0%,1,1%,1,1%,26,36%,11,15%,6,8%,0,0%,2,3%,2,3%,40,56%,1,1%,6,8%,9,12%,19,26%,21,29%,0,0%,4,6%,5,7%,0,0%,4,6%,1,1%
LEXINGTON,30,3%,48,6%,48,6%,57,7%,69,8%,83,10%,76,9%,124,14%,69,8%,48,6%,107,12%,61,7%,38,4%,101,23%,33,8%,78,18%,9,2%,15,3%,15,3%,74,17%,82,19%,8,2%,5,1%,8,2%,12,3%,189,43%,1,0%,27,6%,44,10%,193,44%,120,27%,3,1%,69,16%,8,2%,46,10%,42,10%,6,1%
LINCOLN,185,6%,242,8%,303,10%,329,11%,311,10%,300,10%,302,10%,363,12%,171,6%,133,4%,198,7%,97,3%,69,2%,203,16%,28,2%,187,15%,9,1%,45,4%,24,2%,352,28%,240,19%,81,6%,33,3%,32,3%,34,3%,538,42%,0,0%,71,6%,155,12%,446,35%,352,28%,13,1%,111,9%,11,1%,36,3%,19,1%,12,1%
LONG ISLAND BAPTIST HOUSES,40,7%,52,10%,65,12%,54,10%,58,11%,62,11%,60,11%,56,10%,28,5%,20,4%,33,6%,15,3%,4,1%,33,15%,3,1%,37,16%,4,2%,11,5%,6,3%,83,37%,30,13%,7,3%,3,1%,5,2%,4,2%,111,49%,1,0%,15,7%,34,15%,62,27%,75,33%,0,0%,4,2%,11,5%,4,2%,14,6%,8,4%
LONGFELLOW AVENUE REHAB,15,5%,28,10%,33,12%,42,15%,39,14%,33,12%,30,11%,31,11%,17,6%,1,0%,7,3%,2,1%,0,0%,0,0%,0,0%,0,0%,0,0%,5,7%,2,3%,25,34%,15,20%,6,8%,2,3%,15,20%,4,5%,53,72%,1,1%,7,9%,15,20%,13,18%,18,24%,0,0%,2,3%,3,4%,6,8%,0,0%,,0%
LOW HOUSES,111,8%,127,9%,126,9%,164,12%,156,11%,190,14%,136,10%,149,11%,72,5%,46,3%,64,5%,48,3%,5,0%,60,11%,12,2%,79,15%,11,2%,29,5%,6,1%,189,36%,73,14%,21,4%,9,2%,25,5%,15,3%,240,45%,1,0%,32,6%,84,16%,141,27%,155,29%,2,0%,20,4%,20,4%,4,1%,18,3%,14,3%
LOWER EAST SIDE I INFILL,13,3%,7,2%,19,5%,18,5%,23,6%,48,13%,29,8%,32,9%,24,6%,32,9%,47,13%,51,14%,32,9%,73,39%,21,11%,17,9%,2,1%,3,2%,19,10%,12,6%,26,14%,5,3%,1,1%,3,2%,5,3%,61,33%,0,0%,4,2%,9,5%,111,59%,81,43%,0,0%,35,19%,4,2%,14,7%,11,6%,2,1%
LOWER EAST SIDE II,21,4%,33,7%,26,5%,43,9%,47,10%,62,13%,34,7%,66,14%,55,12%,37,8%,32,7%,17,4%,1,0%,20,11%,8,4%,27,15%,9,5%,17,9%,11,6%,29,16%,38,21%,13,7%,2,1%,6,3%,5,3%,100,54%,0,0%,10,5%,10,5%,69,37%,54,29%,0,0%,7,4%,3,2%,5,3%,8,4%,6,3%
LOWER EAST SIDE III,9,5%,11,6%,17,9%,31,16%,25,13%,18,9%,15,8%,28,14%,18,9%,8,4%,11,6%,4,2%,1,1%,0,0%,1,2%,2,4%,0,0%,11,20%,5,9%,7,12%,14,25%,5,9%,1,2%,8,14%,2,4%,41,73%,0,0%,2,4%,4,7%,16,29%,21,38%,0,0%,1,2%,1,2%,4,7%,4,7%,1,2%
LOWER EAST SIDE REHAB (GROUP 5),3,3%,10,8%,12,10%,8,7%,10,8%,19,16%,6,5%,19,16%,7,6%,9,8%,7,6%,6,5%,3,3%,6,11%,5,9%,8,15%,1,2%,1,2%,0,0%,15,28%,10,19%,3,6%,0,0%,3,6%,2,4%,25,46%,0,0%,1,2%,7,13%,21,39%,20,37%,1,2%,2,4%,2,4%,1,2%,0,0%,,0%
MANHATTANVILLE,153,5%,218,8%,248,9%,294,10%,287,10%,323,11%,271,9%,362,13%,155,5%,132,5%,216,7%,163,6%,70,2%,273,22%,40,3%,177,14%,25,2%,49,4%,32,3%,295,24%,202,16%,64,5%,22,2%,34,3%,34,3%,504,40%,3,0%,90,7%,168,13%,483,39%,368,30%,17,1%,131,11%,49,4%,90,7%,25,2%,12,1%
MARBLE HILL,181,5%,244,7%,275,8%,291,9%,282,8%,369,11%,320,10%,395,12%,193,6%,194,6%,345,10%,178,5%,79,2%,376,23%,71,4%,282,17%,25,2%,44,3%,27,2%,419,26%,258,16%,59,4%,24,1%,23,1%,35,2%,693,42%,1,0%,84,5%,160,10%,609,37%,473,29%,17,1%,204,12%,63,4%,102,6%,55,3%,17,1%
MARCY,210,5%,349,8%,377,9%,527,12%,516,12%,457,10%,452,10%,531,12%,267,6%,199,5%,282,6%,151,3%,51,1%,226,13%,33,2%,177,10%,21,1%,68,4%,31,2%,410,24%,388,23%,132,8%,40,2%,94,6%,79,5%,836,49%,0,0%,91,5%,178,10%,559,33%,531,31%,6,0%,119,7%,72,4%,34,2%,28,2%,11,1%
MARINER'S HARBOR,105,7%,142,9%,182,12%,216,14%,190,12%,180,12%,173,11%,184,12%,69,4%,48,3%,52,3%,18,1%,4,0%,49,8%,10,2%,94,16%,6,1%,26,4%,8,1%,212,35%,123,21%,35,6%,5,1%,18,3%,12,2%,310,52%,1,0%,45,8%,110,18%,145,24%,143,24%,2,0%,29,5%,31,5%,7,1%,28,5%,9,2%
MARLBORO,210,5%,300,7%,357,9%,397,10%,404,10%,434,10%,412,10%,515,12%,306,7%,252,6%,347,8%,167,4%,47,1%,273,16%,59,3%,248,15%,41,2%,124,7%,99,6%,351,21%,291,17%,88,5%,29,2%,48,3%,49,3%,810,48%,0,0%,105,6%,169,10%,615,36%,559,33%,6,0%,123,7%,29,2%,66,4%,125,7%,39,2%
MARSHALL PLAZA,0,0%,0,0%,0,0%,0,0%,0,0%,0,0%,0,0%,0,0%,4,2%,4,2%,70,36%,80,41%,37,19%,147,86%,20,12%,0,0%,4,2%,0,0%,0,0%,0,0%,0,0%,0,0%,0,0%,0,0%,0,0%,7,4%,0,0%,0,0%,2,1%,108,63%,112,65%,1,1%,25,15%,0,0%,0,0%,2,1%,1,1%
MCKINLEY,74,5%,135,9%,153,10%,177,12%,171,11%,168,11%,129,8%,193,13%,87,6%,64,4%,103,7%,61,4%,19,1%,110,18%,11,2%,92,15%,8,1%,27,4%,8,1%,167,27%,104,17%,27,4%,11,2%,25,4%,24,4%,275,45%,0,0%,37,6%,74,12%,184,30%,211,34%,1,0%,32,5%,11,2%,19,3%,14,2%,5,1%
MELROSE,129,5%,206,8%,234,9%,307,12%,265,11%,237,9%,229,9%,322,13%,148,6%,97,4%,196,8%,99,4%,26,1%,182,18%,24,2%,143,14%,19,2%,38,4%,17,2%,241,24%,166,16%,46,5%,9,1%,80,8%,45,4%,450,45%,0,0%,52,5%,117,12%,321,32%,345,34%,2,0%,48,5%,33,3%,25,2%,17,2%,8,1%
MELTZER TOWER,0,0%,0,0%,0,0%,0,0%,0,0%,0,0%,0,0%,2,1%,0,0%,7,3%,72,30%,105,43%,58,24%,205,91%,18,8%,3,1%,0,0%,0,0%,0,0%,0,0%,0,0%,0,0%,0,0%,0,0%,0,0%,13,6%,0,0%,0,0%,3,1%,162,72%,131,58%,2,1%,51,23%,0,0%,3,1%,15,7%,,0%
METRO NORTH PLAZA,22,4%,34,6%,51,8%,58,9%,76,12%,55,9%,63,10%,72,12%,33,5%,35,6%,63,10%,41,7%,14,2%,65,25%,9,3%,39,15%,8,3%,15,6%,5,2%,35,13%,43,16%,16,6%,13,5%,10,4%,7,3%,105,40%,0,0%,12,5%,28,11%,113,43%,114,43%,2,1%,20,8%,4,2%,5,2%,4,2%,1,0%
MIDDLETOWN PLAZA,0,0%,0,0%,0,0%,0,0%,0,0%,0,0%,0,0%,2,1%,0,0%,3,2%,71,36%,95,48%,25,13%,156,89%,18,10%,0,0%,1,1%,0,0%,0,0%,0,0%,1,1%,0,0%,0,0%,0,0%,0,0%,5,3%,0,0%,1,1%,4,2%,142,81%,76,43%,4,2%,40,23%,0,0%,0,0%,5,3%,1,1%
MILL BROOK,157,5%,239,8%,291,10%,313,11%,290,10%,327,11%,307,11%,323,11%,151,5%,115,4%,238,8%,117,4%,37,1%,243,20%,35,3%,187,15%,9,1%,52,4%,20,2%,339,27%,219,18%,59,5%,12,1%,37,3%,33,3%,521,42%,0,0%,52,4%,150,12%,401,32%,383,31%,1,0%,67,5%,31,2%,22,2%,9,1%,6,0%
MILL BROOK EXTENSION,11,4%,26,8%,24,8%,40,13%,42,13%,40,13%,25,8%,34,11%,17,5%,15,5%,20,6%,14,4%,5,2%,26,21%,2,2%,20,16%,1,1%,4,3%,5,4%,34,27%,16,13%,7,6%,2,2%,4,3%,3,2%,50,40%,0,0%,4,3%,18,15%,49,40%,45,36%,1,1%,7,6%,3,2%,3,2%,1,1%,1,1%
MITCHEL,269,7%,393,10%,438,11%,407,10%,390,10%,423,10%,381,9%,431,11%,186,5%,166,4%,317,8%,208,5%,60,1%,402,24%,46,3%,227,13%,37,2%,91,5%,33,2%,488,29%,210,12%,82,5%,19,1%,33,2%,33,2%,717,42%,3,0%,97,6%,250,15%,561,33%,561,33%,6,0%,103,6%,66,4%,55,3%,8,0%,2,0%
MONROE,150,6%,205,8%,260,10%,310,12%,258,10%,330,12%,232,9%,307,11%,145,5%,111,4%,212,8%,117,4%,40,1%,196,18%,37,3%,155,14%,13,1%,27,2%,10,1%,275,25%,194,18%,58,5%,24,2%,65,6%,35,3%,448,41%,2,0%,70,6%,130,12%,367,34%,399,37%,3,0%,78,7%,38,3%,14,1%,29,3%,14,1%
MOORE,63,6%,92,8%,91,8%,110,10%,130,11%,143,12%,122,11%,133,12%,67,6%,43,4%,78,7%,51,4%,22,2%,77,17%,20,4%,71,15%,6,1%,24,5%,10,2%,107,23%,80,17%,16,3%,11,2%,18,4%,21,5%,202,44%,0,0%,29,6%,58,13%,140,30%,145,31%,1,0%,36,8%,18,4%,9,2%,5,1%,,0%
MORRIS I,181,6%,268,9%,329,11%,332,12%,307,11%,294,10%,287,10%,322,11%,116,4%,111,4%,176,6%,97,3%,41,1%,183,17%,30,3%,141,13%,16,1%,73,7%,19,2%,323,30%,167,16%,47,4%,13,1%,37,3%,22,2%,519,48%,0,0%,66,6%,139,13%,319,30%,354,33%,4,0%,65,6%,38,4%,20,2%,45,4%,17,2%
MORRIS II,121,6%,208,10%,186,9%,230,11%,209,10%,226,11%,176,9%,233,11%,109,5%,83,4%,151,7%,84,4%,19,1%,128,16%,27,3%,106,13%,24,3%,53,7%,24,3%,236,30%,110,14%,33,4%,11,1%,21,3%,20,3%,390,49%,2,0%,36,5%,103,13%,252,32%,251,32%,1,0%,51,6%,37,5%,9,1%,30,4%,11,1%
MORRIS PARK SENIOR CITIZENS HOME,0,0%,0,0%,0,0%,0,0%,0,0%,0,0%,0,0%,0,0%,0,0%,3,3%,44,44%,42,42%,11,11%,89,94%,4,4%,1,1%,1,1%,0,0%,0,0%,0,0%,0,0%,0,0%,0,0%,0,0%,0,0%,3,3%,0,0%,0,0%,4,4%,64,67%,50,53%,1,1%,16,17%,0,0%,3,3%,0,0%,,0%
MORRISANIA,46,9%,66,13%,61,12%,46,9%,48,9%,44,8%,49,9%,68,13%,30,6%,18,3%,33,6%,8,2%,4,1%,24,12%,5,2%,41,20%,4,2%,13,6%,3,1%,74,36%,25,12%,6,3%,2,1%,4,2%,5,2%,96,47%,0,0%,19,9%,29,14%,34,17%,65,32%,1,0%,5,2%,3,1%,3,1%,9,4%,7,3%
MORRISANIA AIR RIGHTS,65,4%,122,7%,147,8%,196,11%,149,8%,158,9%,135,7%,164,9%,87,5%,67,4%,285,16%,191,11%,39,2%,339,41%,39,5%,61,7%,10,1%,31,4%,24,3%,126,15%,120,14%,30,4%,10,1%,17,2%,21,3%,290,35%,0,0%,36,4%,86,10%,353,43%,355,43%,4,0%,79,10%,6,1%,11,1%,31,4%,11,1%
MOTT HAVEN,155,6%,261,10%,271,11%,274,11%,252,10%,271,11%,246,10%,295,12%,93,4%,123,5%,159,6%,77,3%,36,1%,152,15%,32,3%,147,15%,21,2%,59,6%,19,2%,299,30%,128,13%,45,5%,15,2%,39,4%,28,3%,449,46%,3,0%,53,5%,127,13%,285,29%,286,29%,5,1%,56,6%,48,5%,18,2%,70,7%,30,3%
NEW LANE AREA,0,0%,0,0%,0,0%,0,0%,0,0%,0,0%,0,0%,0,0%,3,1%,7,2%,110,33%,170,51%,41,12%,208,77%,59,22%,1,0%,2,1%,0,0%,0,0%,0,0%,0,0%,0,0%,0,0%,0,0%,0,0%,7,3%,0,0%,0,0%,5,2%,175,65%,140,52%,3,1%,65,24%,0,0%,0,0%,12,4%,,0%
NOSTRAND,125,5%,179,8%,194,8%,232,10%,203,9%,237,10%,216,9%,281,12%,163,7%,138,6%,205,9%,123,5%,54,2%,219,19%,74,7%,199,18%,25,2%,20,2%,18,2%,293,26%,180,16%,52,5%,12,1%,22,2%,21,2%,504,44%,0,0%,42,4%,128,11%,362,32%,370,33%,5,0%,88,8%,20,2%,11,1%,93,8%,34,3%
O'DWYER GARDENS,34,4%,43,5%,37,4%,53,6%,73,8%,94,10%,64,7%,105,11%,77,8%,81,8%,158,17%,96,10%,38,4%,193,34%,45,8%,125,22%,18,3%,7,1%,7,1%,62,11%,59,11%,18,3%,6,1%,7,1%,13,2%,184,33%,0,0%,19,3%,41,7%,223,40%,201,36%,3,1%,72,13%,1,0%,15,3%,20,4%,9,2%
OCEAN BAY APARTMENTS (OCEANSIDE),52,6%,79,9%,52,6%,75,9%,71,8%,101,12%,100,12%,112,13%,49,6%,44,5%,78,9%,27,3%,12,1%,65,16%,13,3%,79,19%,3,1%,15,4%,4,1%,112,27%,70,17%,15,4%,6,1%,9,2%,18,4%,208,51%,12,3%,27,7%,40,10%,124,30%,86,21%,1,0%,23,6%,13,3%,3,1%,28,7%,7,2%
OCEAN HILL APARTMENTS,44,7%,54,9%,63,10%,72,12%,61,10%,71,11%,71,11%,64,10%,33,5%,23,4%,39,6%,22,4%,7,1%,37,16%,7,3%,34,15%,5,2%,19,8%,2,1%,70,30%,28,12%,11,5%,5,2%,12,5%,4,2%,129,55%,1,0%,19,8%,32,14%,63,27%,64,27%,0,0%,17,7%,8,3%,45,19%,7,3%,1,0%
OCEAN HILL-BROWNSVILLE,27,9%,33,10%,32,10%,46,15%,39,12%,49,16%,23,7%,35,11%,10,3%,9,3%,10,3%,2,1%,0,0%,8,7%,1,1%,15,12%,0,0%,2,2%,0,0%,71,58%,15,12%,0,0%,1,1%,4,3%,6,5%,63,51%,0,0%,8,7%,29,24%,27,22%,21,17%,0,0%,1,1%,4,3%,5,4%,0,0%,,0%
PARK ROCK REHAB,23,7%,38,12%,35,11%,29,9%,37,11%,51,16%,31,10%,30,9%,20,6%,17,5%,8,2%,3,1%,2,1%,12,9%,3,2%,24,18%,0,0%,2,1%,1,1%,58,43%,20,15%,3,2%,1,1%,6,4%,4,3%,79,59%,0,0%,13,10%,15,11%,29,22%,33,25%,0,0%,4,3%,3,2%,5,4%,0,0%,,0%
PARKSIDE,85,5%,141,8%,160,9%,159,9%,137,8%,202,12%,178,10%,193,11%,118,7%,104,6%,147,8%,83,5%,30,2%,177,20%,30,3%,168,19%,15,2%,18,2%,10,1%,255,29%,123,14%,26,3%,14,2%,15,2%,17,2%,366,42%,0,0%,26,3%,89,10%,301,35%,253,29%,1,0%,110,13%,24,3%,26,3%,25,3%,10,1%
PATTERSON,247,6%,376,9%,451,10%,466,11%,497,11%,465,11%,445,10%,509,12%,214,5%,182,4%,289,7%,175,4%,70,2%,325,18%,43,2%,207,12%,19,1%,97,5%,39,2%,477,27%,345,19%,95,5%,29,2%,59,3%,38,2%,822,46%,5,0%,97,5%,221,12%,555,31%,582,33%,7,0%,113,6%,45,3%,12,1%,48,3%,13,1%
PELHAM PARKWAY,122,5%,183,7%,210,8%,218,8%,230,9%,286,11%,230,9%,357,14%,173,7%,131,5%,253,10%,123,5%,58,2%,278,22%,44,3%,235,19%,30,2%,33,3%,26,2%,294,23%,204,16%,63,5%,12,1%,19,2%,24,2%,531,42%,1,0%,52,4%,126,10%,466,37%,361,29%,5,0%,145,11%,43,3%,10,1%,50,4%,19,2%
PINK,222,6%,329,9%,392,11%,445,12%,374,10%,440,12%,331,9%,429,12%,184,5%,150,4%,231,6%,111,3%,27,1%,221,15%,21,1%,240,16%,21,1%,71,5%,15,1%,480,32%,234,16%,63,4%,23,2%,50,3%,40,3%,699,47%,2,0%,88,6%,176,12%,427,29%,395,27%,5,0%,75,5%,60,4%,26,2%,72,5%,32,2%
POLO GROUNDS TOWERS,180,5%,329,8%,369,9%,439,11%,445,11%,398,10%,348,9%,511,13%,186,5%,166,4%,319,8%,203,5%,54,1%,285,18%,69,4%,240,15%,27,2%,83,5%,40,3%,388,24%,242,15%,83,5%,40,3%,51,3%,46,3%,689,43%,8,1%,82,5%,219,14%,583,37%,448,28%,10,1%,173,11%,51,3%,19,1%,44,3%,19,1%
POMONOK,231,5%,314,7%,341,8%,366,9%,388,9%,472,11%,349,8%,562,13%,293,7%,235,6%,371,9%,225,5%,124,3%,417,20%,120,6%,344,17%,53,3%,44,2%,51,2%,528,26%,341,17%,65,3%,12,1%,29,1%,46,2%,887,43%,12,1%,101,5%,213,10%,730,36%,583,28%,11,1%,249,12%,103,5%,18,1%,113,6%,36,2%
PSS Grandparents Family Apartments,,,,,,,,,,,,,,,,,,,,,,,,,,,,,,,,,,,,,,,,,,,,,,,,,,,,,,,,,,,,,,,,,,,,,,,,,,
QUEENSBRIDGE NORTH,155,5%,265,8%,250,8%,274,8%,301,9%,352,11%,303,9%,455,14%,220,7%,192,6%,329,10%,143,4%,48,1%,268,18%,95,6%,262,17%,58,4%,49,3%,41,3%,367,24%,225,15%,58,4%,12,1%,39,3%,46,3%,768,51%,0,0%,71,5%,167,11%,492,32%,393,26%,8,1%,115,8%,40,3%,4,0%,61,4%,26,2%
QUEENSBRIDGE SOUTH,183,5%,267,8%,263,8%,313,9%,327,10%,351,10%,327,10%,445,13%,195,6%,191,6%,335,10%,136,4%,55,2%,282,18%,94,6%,338,21%,53,3%,64,4%,37,2%,371,23%,202,13%,70,4%,16,1%,25,2%,27,2%,700,44%,0,0%,88,6%,209,13%,499,32%,419,27%,9,1%,111,7%,42,3%,3,0%,85,5%,33,2%
RALPH AVENUE REHAB,23,8%,26,9%,27,10%,26,9%,24,9%,48,17%,27,10%,34,12%,12,4%,14,5%,11,4%,2,1%,3,1%,11,10%,2,2%,19,17%,1,1%,2,2%,5,4%,41,36%,24,21%,4,3%,1,1%,2,2%,3,3%,68,59%,1,1%,8,7%,18,16%,15,13%,26,23%,0,0%,2,2%,3,3%,2,2%,3,3%,2,2%
RANDALL AVENUE-BALCOM AVENUE,0,0%,0,0%,0,0%,0,0%,0,0%,0,0%,0,0%,0,0%,2,1%,8,3%,123,46%,104,39%,32,12%,231,92%,17,7%,0,0%,1,0%,0,0%,0,0%,0,0%,0,0%,0,0%,0,0%,0,0%,1,0%,14,6%,0,0%,0,0%,2,1%,200,80%,98,39%,2,1%,64,26%,0,0%,1,0%,0,0%,,0%
RANGEL,117,5%,167,7%,209,9%,240,10%,242,11%,259,11%,213,9%,321,14%,138,6%,107,5%,132,6%,93,4%,61,3%,156,16%,27,3%,134,14%,10,1%,40,4%,18,2%,281,29%,199,20%,47,5%,15,2%,18,2%,34,3%,489,50%,3,0%,66,7%,128,13%,335,34%,245,25%,8,1%,103,11%,35,4%,29,3%,24,2%,16,2%
RAVENSWOOD,173,4%,272,7%,296,7%,304,7%,366,9%,474,11%,378,9%,551,13%,291,7%,268,6%,440,11%,215,5%,113,3%,465,23%,107,5%,356,17%,67,3%,73,4%,61,3%,420,21%,335,16%,60,3%,16,1%,33,2%,48,2%,969,47%,10,0%,123,6%,202,10%,760,37%,471,23%,18,1%,255,12%,32,2%,72,4%,133,7%,48,2%
RED HOOK EAST,167,6%,231,8%,268,9%,258,9%,289,10%,337,11%,285,10%,363,12%,181,6%,172,6%,249,8%,132,4%,37,1%,257,19%,66,5%,263,19%,34,2%,52,4%,23,2%,360,26%,196,14%,59,4%,23,2%,25,2%,25,2%,637,46%,2,0%,65,5%,165,12%,442,32%,428,31%,2,0%,94,7%,36,3%,57,4%,61,4%,19,1%
RED HOOK WEST,207,6%,265,8%,293,9%,330,10%,290,9%,379,12%,349,11%,390,12%,196,6%,156,5%,250,8%,111,3%,32,1%,243,17%,41,3%,285,20%,47,3%,53,4%,28,2%,391,27%,193,13%,76,5%,17,1%,42,3%,37,3%,671,46%,0,0%,83,6%,171,12%,436,30%,411,28%,5,0%,150,10%,22,2%,18,1%,46,3%,26,2%
REDFERN,93,6%,161,10%,204,13%,205,13%,168,10%,186,12%,177,11%,184,11%,65,4%,49,3%,60,4%,38,2%,17,1%,62,11%,6,1%,76,13%,10,2%,36,6%,13,2%,193,33%,96,17%,38,7%,15,3%,18,3%,15,3%,276,48%,3,1%,48,8%,84,15%,153,26%,182,31%,1,0%,19,3%,8,1%,19,3%,19,3%,9,2%
REHAB PROGRAM (COLLEGE POINT),0,0%,0,0%,0,0%,0,0%,0,0%,0,0%,0,0%,0,0%,0,0%,0,0%,7,54%,4,31%,2,15%,13,100%,0,0%,0,0%,0,0%,0,0%,0,0%,0,0%,0,0%,0,0%,0,0%,0,0%,0,0%,1,8%,0,0%,0,0%,0,0%,8,62%,9,69%,0,0%,1,8%,0,0%,0,0%,0,0%,,0%
REHAB PROGRAM (DOUGLASS REHABS),11,6%,12,6%,16,9%,8,4%,12,6%,19,10%,21,11%,23,12%,16,9%,14,7%,21,11%,11,6%,4,2%,32,29%,2,2%,30,27%,3,3%,1,1%,3,3%,24,22%,7,6%,0,0%,0,0%,4,4%,4,4%,48,44%,0,0%,3,3%,10,9%,36,33%,22,20%,2,2%,10,9%,3,3%,2,2%,9,8%,6,5%
REHAB PROGRAM (TAFT REHABS),25,8%,19,6%,41,13%,20,6%,29,9%,35,11%,37,11%,49,15%,21,6%,9,3%,21,6%,15,5%,4,1%,21,13%,6,4%,38,24%,3,2%,4,3%,3,2%,52,33%,12,8%,3,2%,2,1%,6,4%,6,4%,72,46%,0,0%,12,8%,25,16%,43,28%,36,23%,1,1%,12,8%,6,4%,3,2%,8,5%,3,2%
REHAB PROGRAM (WISE REHAB),7,10%,4,6%,2,3%,4,6%,4,6%,8,11%,9,13%,10,14%,5,7%,3,4%,7,10%,5,7%,3,4%,12,30%,0,0%,8,20%,0,0%,0,0%,1,2%,10,25%,4,10%,1,2%,2,5%,2,5%,0,0%,16,40%,0,0%,4,10%,3,8%,13,32%,10,25%,0,0%,7,18%,0,0%,2,5%,0,0%,,0%
REID APARTMENTS,0,0%,0,0%,0,0%,0,0%,0,0%,0,0%,0,0%,0,0%,1,0%,5,2%,81,34%,110,47%,38,16%,211,95%,11,5%,0,0%,1,0%,0,0%,0,0%,0,0%,0,0%,0,0%,0,0%,0,0%,0,0%,10,4%,0,0%,1,0%,5,2%,163,73%,105,47%,0,0%,60,27%,0,0%,3,1%,1,0%,,0%
RICHMOND TERRACE,117,9%,151,11%,170,13%,162,12%,153,12%,145,11%,119,9%,141,11%,56,4%,52,4%,47,4%,14,1%,2,0%,41,8%,5,1%,95,20%,3,1%,11,2%,4,1%,182,38%,59,12%,22,5%,2,0%,41,8%,20,4%,225,46%,1,0%,31,6%,92,19%,110,23%,143,29%,2,0%,15,3%,30,6%,0,0%,22,5%,14,3%
RIIS,97,4%,161,6%,221,8%,255,9%,246,9%,279,10%,253,9%,342,13%,200,7%,182,7%,258,10%,151,6%,55,2%,217,19%,53,5%,162,14%,26,2%,62,5%,66,6%,208,18%,197,17%,61,5%,20,2%,45,4%,49,4%,523,45%,0,0%,54,5%,118,10%,480,41%,356,31%,10,1%,132,11%,10,1%,46,4%,13,1%,5,0%
RIIS II,37,3%,73,6%,104,8%,121,9%,124,10%,140,11%,109,8%,155,12%,104,8%,79,6%,137,11%,80,6%,25,2%,118,21%,22,4%,74,13%,13,2%,23,4%,32,6%,98,17%,112,20%,27,5%,16,3%,19,3%,12,2%,247,44%,0,0%,23,4%,64,11%,229,40%,192,34%,6,1%,49,9%,3,1%,13,2%,2,0%,1,0%
ROBBINS PLAZA,0,0%,0,0%,0,0%,0,0%,0,0%,0,0%,0,0%,1,1%,0,0%,2,1%,51,32%,75,47%,32,20%,134,91%,11,7%,0,0%,1,1%,0,0%,0,0%,0,0%,0,0%,0,0%,0,0%,0,0%,1,1%,5,3%,0,0%,1,1%,3,2%,114,78%,68,46%,1,1%,38,26%,0,0%,4,3%,2,1%,,0%
ROBINSON,23,6%,35,9%,29,7%,35,9%,42,11%,35,9%,44,11%,46,12%,25,6%,21,5%,36,9%,22,6%,2,1%,35,19%,3,2%,48,26%,4,2%,7,4%,3,2%,37,20%,21,11%,11,6%,4,2%,4,2%,8,4%,76,41%,0,0%,7,4%,22,12%,75,41%,50,27%,0,0%,25,14%,0,0%,19,10%,2,1%,2,1%
ROOSEVELT I,113,6%,138,7%,162,9%,214,12%,179,10%,197,11%,171,9%,183,10%,77,4%,69,4%,160,9%,142,8%,36,2%,217,29%,30,4%,63,8%,10,1%,45,6%,15,2%,153,20%,102,14%,50,7%,10,1%,27,4%,28,4%,301,40%,0,0%,43,6%,82,11%,327,44%,268,36%,6,1%,74,10%,19,3%,31,4%,16,2%,4,1%
ROOSEVELT II,44,6%,72,10%,66,9%,57,8%,62,8%,89,12%,73,10%,73,10%,39,5%,34,5%,83,11%,39,5%,14,2%,82,24%,10,3%,39,12%,10,3%,15,4%,12,4%,93,28%,41,12%,21,6%,4,1%,5,1%,6,2%,127,38%,2,1%,20,6%,33,10%,143,42%,116,34%,0,0%,32,9%,13,4%,2,1%,13,4%,7,2%
RUTGERS,63,4%,81,5%,92,6%,115,7%,121,8%,146,9%,124,8%,179,11%,117,7%,118,7%,180,11%,184,12%,80,5%,176,24%,81,11%,108,15%,19,3%,29,4%,46,6%,93,13%,87,12%,18,2%,14,2%,21,3%,28,4%,296,41%,0,0%,28,4%,50,7%,404,56%,244,34%,10,1%,139,19%,10,1%,64,9%,38,5%,4,1%
RUTLAND TOWERS,5,5%,12,12%,3,3%,3,3%,11,11%,13,12%,10,10%,9,9%,6,6%,6,6%,11,11%,14,13%,1,1%,19,31%,4,7%,12,20%,0,0%,1,2%,1,2%,14,23%,8,13%,0,0%,0,0%,0,0%,2,3%,25,41%,0,0%,2,3%,10,16%,24,39%,17,28%,0,0%,11,18%,1,2%,1,2%,5,8%,2,3%
SACK WERN,40,5%,63,7%,66,8%,84,10%,87,10%,102,12%,85,10%,121,14%,56,6%,46,5%,82,9%,36,4%,6,1%,76,19%,11,3%,94,23%,8,2%,15,4%,9,2%,89,22%,74,18%,9,2%,2,0%,10,2%,10,2%,164,40%,0,0%,30,7%,49,12%,136,33%,123,30%,1,0%,36,9%,1,0%,31,8%,1,0%,1,0%
SAINT MARY'S PARK,126,5%,202,9%,270,12%,240,10%,192,8%,237,10%,268,12%,238,10%,115,5%,89,4%,150,7%,124,5%,41,2%,160,16%,42,4%,156,16%,17,2%,31,3%,13,1%,323,33%,147,15%,37,4%,15,2%,29,3%,22,2%,433,44%,1,0%,48,5%,150,15%,324,33%,285,29%,7,1%,112,11%,34,3%,17,2%,31,3%,17,2%
SAINT NICHOLAS,182,5%,242,7%,317,9%,364,10%,376,11%,421,12%,335,10%,429,12%,200,6%,178,5%,242,7%,129,4%,67,2%,262,18%,35,2%,211,14%,15,1%,48,3%,25,2%,366,24%,289,19%,97,6%,39,3%,52,3%,56,4%,669,45%,0,0%,101,7%,168,11%,472,32%,391,26%,20,1%,132,9%,46,3%,21,1%,59,4%,30,2%
SAMUEL (CITY),80,6%,120,8%,123,9%,119,8%,155,11%,196,14%,163,11%,228,16%,85,6%,74,5%,66,5%,17,1%,6,0%,55,8%,14,2%,159,24%,9,1%,23,4%,13,2%,195,30%,123,19%,20,3%,5,1%,18,3%,18,3%,439,67%,0,0%,43,7%,58,9%,159,24%,47,7%,2,0%,37,6%,13,2%,7,1%,27,4%,10,2%
SARATOGA VILLAGE,19,6%,23,7%,33,11%,29,9%,31,10%,42,14%,38,12%,35,11%,14,5%,8,3%,13,4%,19,6%,3,1%,17,14%,4,3%,18,15%,1,1%,7,6%,5,4%,36,29%,21,17%,9,7%,0,0%,3,2%,3,2%,67,54%,0,0%,7,6%,17,14%,34,27%,28,23%,0,0%,15,12%,6,5%,28,23%,4,3%,2,2%
SEDGWICK,62,4%,102,7%,114,7%,144,9%,133,9%,153,10%,140,9%,181,12%,100,7%,104,7%,190,12%,80,5%,27,2%,193,25%,38,5%,143,18%,12,2%,16,2%,9,1%,178,23%,121,16%,24,3%,8,1%,13,2%,23,3%,339,44%,1,0%,29,4%,69,9%,284,37%,214,28%,7,1%,83,11%,24,3%,0,0%,22,3%,10,1%
SEWARD PARK EXTENSION,27,3%,47,6%,49,6%,80,10%,83,10%,75,9%,62,8%,105,13%,55,7%,58,7%,93,11%,65,8%,25,3%,90,25%,27,8%,52,15%,5,1%,22,6%,19,5%,55,16%,39,11%,12,3%,6,2%,12,3%,15,4%,157,44%,1,0%,20,6%,37,10%,158,45%,111,31%,4,1%,39,11%,12,3%,8,2%,32,9%,2,1%
SHEEPSHEAD BAY,124,5%,195,8%,201,8%,271,11%,238,10%,244,10%,234,10%,318,13%,158,6%,119,5%,172,7%,115,5%,46,2%,178,17%,47,5%,145,14%,13,1%,49,5%,42,4%,278,27%,189,18%,39,4%,11,1%,24,2%,29,3%,495,47%,0,0%,61,6%,134,13%,347,33%,313,30%,3,0%,78,7%,9,1%,68,7%,19,2%,10,1%
SHELTON HOUSE,0,0%,0,0%,0,0%,0,0%,0,0%,0,0%,0,0%,1,1%,1,1%,8,5%,64,38%,70,42%,23,14%,133,89%,15,10%,0,0%,1,1%,0,0%,0,0%,0,0%,0,0%,0,0%,0,0%,0,0%,1,1%,14,9%,0,0%,0,0%,1,1%,117,78%,73,49%,0,0%,31,21%,0,0%,0,0%,0,0%,,0%
SMITH,124,3%,205,5%,263,6%,344,8%,332,8%,405,10%,337,8%,523,12%,283,7%,339,8%,497,12%,400,9%,202,5%,453,24%,179,9%,268,14%,46,2%,94,5%,133,7%,226,12%,278,15%,70,4%,37,2%,50,3%,75,4%,817,43%,0,0%,77,4%,148,8%,1023,54%,640,34%,21,1%,327,17%,3,0%,112,6%,2,0%,1,0%
SOTOMAYOR,189,5%,259,7%,303,9%,413,12%,396,11%,387,11%,338,10%,411,12%,190,5%,161,5%,268,8%,125,4%,53,2%,278,19%,34,2%,207,14%,17,1%,55,4%,26,2%,406,27%,282,19%,64,4%,36,2%,35,2%,41,3%,677,46%,1,0%,64,4%,185,12%,506,34%,469,32%,9,1%,104,7%,53,4%,63,4%,3,0%,1,0%
SOUNDVIEW,177,6%,230,8%,286,9%,405,13%,315,10%,289,10%,326,11%,390,13%,131,4%,125,4%,227,7%,97,3%,33,1%,214,17%,18,1%,207,17%,8,1%,67,5%,21,2%,339,27%,220,18%,67,5%,34,3%,29,2%,27,2%,562,45%,1,0%,56,4%,169,14%,384,31%,449,36%,6,0%,79,6%,31,2%,24,2%,36,3%,10,1%
SOUTH BEACH,45,5%,81,9%,79,8%,121,13%,77,8%,94,10%,91,10%,143,15%,62,7%,45,5%,52,6%,33,4%,11,1%,58,14%,10,2%,85,20%,10,2%,8,2%,6,1%,128,31%,69,17%,21,5%,4,1%,6,1%,13,3%,156,37%,0,0%,17,4%,45,11%,144,34%,135,32%,4,1%,36,9%,23,6%,0,0%,10,2%,5,1%
SOUTH BRONX AREA (SITE 402),34,8%,40,9%,53,13%,60,14%,47,11%,56,13%,46,11%,40,9%,17,4%,14,3%,11,3%,5,1%,0,0%,5,4%,1,1%,2,2%,0,0%,16,14%,6,5%,32,29%,17,15%,21,19%,1,1%,5,4%,6,5%,79,71%,0,0%,10,9%,17,15%,23,21%,29,26%,0,0%,3,3%,10,9%,0,0%,4,4%,,0%
SOUTH JAMAICA I,59,7%,76,9%,74,8%,81,9%,86,10%,113,13%,81,9%,113,13%,55,6%,39,4%,54,6%,32,4%,16,2%,78,18%,6,1%,114,26%,12,3%,7,2%,3,1%,131,30%,53,12%,18,4%,2,0%,10,2%,5,1%,200,46%,0,0%,29,7%,47,11%,123,28%,95,22%,5,1%,29,7%,10,2%,20,5%,6,1%,6,1%
SOUTH JAMAICA II,93,6%,126,8%,164,11%,174,12%,156,10%,181,12%,140,9%,153,10%,95,6%,59,4%,76,5%,53,4%,25,2%,92,16%,11,2%,77,13%,9,2%,22,4%,7,1%,194,33%,107,18%,29,5%,11,2%,19,3%,15,3%,266,45%,0,0%,41,7%,84,14%,194,33%,159,27%,7,1%,54,9%,31,5%,22,4%,3,1%,3,1%
STANTON STREET,1,3%,1,3%,4,11%,9,24%,8,22%,1,3%,5,14%,6,16%,2,5%,0,0%,0,0%,0,0%,0,0%,0,0%,0,0%,0,0%,0,0%,1,8%,1,8%,5,42%,4,33%,0,0%,0,0%,1,8%,0,0%,5,42%,0,0%,0,0%,5,42%,2,17%,6,50%,0,0%,0,0%,0,0%,0,0%,0,0%,,0%
STAPLETON,164,8%,247,13%,259,13%,269,14%,167,9%,217,11%,193,10%,174,9%,92,5%,65,3%,61,3%,21,1%,5,0%,60,9%,10,2%,93,14%,6,1%,46,7%,14,2%,258,40%,91,14%,34,5%,1,0%,24,4%,6,1%,289,45%,3,0%,51,8%,150,23%,141,22%,213,33%,3,0%,21,3%,28,4%,24,4%,8,1%,3,0%
STEBBINS AVENUE-HEWITT PLACE,24,8%,18,6%,25,9%,31,11%,37,13%,34,12%,32,11%,28,10%,24,8%,18,6%,17,6%,3,1%,2,1%,10,8%,4,3%,19,16%,3,3%,6,5%,0,0%,32,27%,22,18%,17,14%,0,0%,2,2%,4,3%,64,54%,0,0%,6,5%,13,11%,27,23%,38,32%,0,0%,7,6%,2,2%,14,12%,3,3%,1,1%
STERLING PLACE REHABS (SAINT JOHNS-STERLING),16,5%,30,10%,37,12%,57,19%,36,12%,30,10%,37,12%,26,9%,15,5%,7,2%,9,3%,4,1%,1,0%,3,4%,0,0%,2,2%,3,4%,4,5%,3,4%,37,45%,17,20%,1,1%,0,0%,12,14%,1,1%,43,52%,0,0%,9,11%,18,22%,20,24%,16,19%,0,0%,2,2%,3,4%,6,7%,0,0%,,0%
STERLING PLACE REHABS (STERLING-BUFFALO),19,5%,44,12%,44,12%,33,9%,50,14%,46,13%,36,10%,44,12%,15,4%,11,3%,7,2%,1,0%,3,1%,6,5%,0,0%,11,9%,0,0%,2,2%,0,0%,51,41%,32,26%,4,3%,1,1%,14,11%,2,2%,68,55%,0,0%,2,2%,31,25%,24,20%,32,26%,0,0%,2,2%,4,3%,5,4%,0,0%,,0%
STRAUS,14,3%,24,5%,40,8%,38,7%,44,8%,47,9%,49,9%,69,13%,41,8%,36,7%,53,10%,54,10%,22,4%,68,26%,18,7%,55,21%,8,3%,6,2%,10,4%,38,14%,36,14%,12,5%,5,2%,2,1%,8,3%,95,36%,1,0%,16,6%,17,6%,125,47%,84,32%,1,0%,33,12%,6,2%,19,7%,8,3%,1,0%
STUYVESANT GARDENS I,43,5%,76,9%,82,9%,121,14%,105,12%,93,11%,84,10%,119,14%,46,5%,33,4%,54,6%,14,2%,5,1%,25,8%,8,2%,38,12%,2,1%,11,3%,4,1%,98,30%,85,26%,33,10%,10,3%,7,2%,7,2%,177,54%,0,0%,16,5%,47,14%,105,32%,79,24%,1,0%,23,7%,8,2%,3,1%,16,5%,7,2%
STUYVESANT GARDENS II,0,0%,0,0%,0,0%,0,0%,0,0%,0,0%,0,0%,0,0%,0,0%,3,2%,64,41%,57,37%,32,21%,140,95%,8,5%,0,0%,0,0%,0,0%,0,0%,0,0%,0,0%,0,0%,0,0%,0,0%,0,0%,3,2%,0,0%,0,0%,2,1%,121,82%,51,34%,0,0%,60,41%,0,0%,3,2%,1,1%,,0%
SUMNER,113,5%,144,6%,188,8%,264,11%,237,10%,238,10%,261,11%,281,12%,137,6%,113,5%,224,9%,139,6%,30,1%,221,20%,34,3%,182,17%,11,1%,35,3%,25,2%,249,23%,212,19%,48,4%,21,2%,21,2%,29,3%,472,43%,0,0%,46,4%,109,10%,433,40%,337,31%,5,0%,91,8%,36,3%,139,13%,18,2%,9,1%
SURFSIDE GARDENS,30,3%,59,5%,71,6%,105,9%,98,9%,74,7%,68,6%,98,9%,55,5%,45,4%,159,14%,200,18%,55,5%,246,43%,74,13%,57,10%,9,2%,14,2%,9,2%,63,11%,50,9%,20,3%,7,1%,13,2%,12,2%,155,27%,0,0%,19,3%,36,6%,174,30%,354,62%,0,0%,33,6%,4,1%,15,3%,5,1%,3,1%
SUTTER AVENUE-UNION STREET,31,12%,26,10%,26,10%,19,7%,36,14%,36,14%,24,9%,31,12%,10,4%,13,5%,7,3%,5,2%,1,0%,13,13%,1,1%,11,11%,0,0%,2,2%,2,2%,33,34%,21,21%,12,12%,0,0%,2,2%,1,1%,65,66%,0,0%,8,8%,14,14%,14,14%,16,16%,0,0%,3,3%,7,7%,1,1%,10,10%,1,1%
TAFT,146,5%,222,7%,257,8%,322,10%,296,9%,351,11%,338,10%,387,12%,189,6%,152,5%,281,9%,207,6%,87,3%,283,19%,64,4%,206,14%,26,2%,57,4%,36,2%,308,21%,271,19%,83,6%,26,2%,38,3%,56,4%,611,42%,7,0%,90,6%,154,11%,565,39%,435,30%,4,0%,180,12%,37,3%,46,3%,32,2%,13,1%
TAPSCOTT STREET REHAB,27,7%,31,8%,34,9%,35,9%,46,12%,51,14%,43,12%,48,13%,17,5%,20,5%,15,4%,4,1%,1,0%,15,10%,3,2%,27,17%,6,4%,2,1%,2,1%,59,38%,23,15%,12,8%,0,0%,3,2%,3,2%,91,59%,0,0%,8,5%,24,15%,26,17%,34,22%,0,0%,5,3%,6,4%,14,9%,3,2%,1,1%
TAYLOR STREET-WYTHE AVENUE,80,6%,96,7%,91,7%,109,8%,116,9%,136,11%,95,7%,97,7%,85,7%,125,10%,144,11%,63,5%,57,4%,120,23%,48,9%,81,16%,22,4%,62,12%,46,9%,59,11%,37,7%,15,3%,12,2%,9,2%,11,2%,244,47%,10,2%,14,3%,41,8%,185,35%,166,32%,2,0%,29,6%,9,2%,17,3%,18,3%,9,2%
TELLER AVENUE-EAST 166TH STREET,16,9%,15,9%,11,7%,13,8%,15,9%,19,11%,16,9%,14,8%,6,4%,11,7%,21,12%,11,7%,1,1%,24,27%,3,3%,19,22%,0,0%,4,5%,1,1%,25,28%,8,9%,1,1%,2,2%,1,1%,0,0%,34,39%,0,0%,3,3%,9,10%,29,33%,26,30%,1,1%,3,3%,4,5%,1,1%,2,2%,,0%
THOMAS APARTMENTS,0,0%,0,0%,0,0%,0,0%,0,0%,0,0%,0,0%,1,1%,0,0%,3,3%,26,28%,35,38%,27,29%,77,91%,5,6%,1,1%,2,2%,0,0%,0,0%,0,0%,0,0%,0,0%,0,0%,0,0%,0,0%,4,5%,0,0%,0,0%,1,1%,63,74%,41,48%,0,0%,28,33%,0,0%,0,0%,0,0%,,0%
THROGGS NECK,135,5%,219,8%,281,10%,316,12%,283,11%,301,11%,303,11%,309,11%,118,4%,140,5%,184,7%,83,3%,19,1%,189,17%,15,1%,163,14%,9,1%,29,3%,31,3%,341,30%,222,19%,60,5%,18,2%,39,3%,29,3%,502,44%,0,0%,61,5%,148,13%,347,30%,366,32%,5,0%,102,9%,44,4%,36,3%,21,2%,15,1%
THROGGS NECK ADDITION,38,5%,74,11%,62,9%,58,8%,80,11%,80,11%,56,8%,84,12%,44,6%,30,4%,52,7%,31,4%,10,1%,44,16%,11,4%,44,16%,7,3%,17,6%,8,3%,69,25%,40,14%,24,9%,4,1%,4,1%,5,2%,111,40%,0,0%,17,6%,28,10%,109,39%,89,32%,1,0%,25,9%,15,5%,5,2%,10,4%,6,2%
TILDEN,187,7%,260,10%,275,10%,292,11%,301,11%,339,13%,226,9%,297,11%,117,4%,103,4%,143,5%,79,3%,20,1%,122,12%,21,2%,136,14%,10,1%,38,4%,22,2%,344,35%,173,17%,43,4%,21,2%,31,3%,28,3%,453,46%,0,0%,53,5%,177,18%,309,31%,298,30%,6,1%,56,6%,24,2%,57,6%,8,1%,3,0%
TODT HILL,66,6%,71,7%,81,8%,94,9%,110,11%,109,11%,86,8%,132,13%,61,6%,64,6%,86,8%,45,4%,16,2%,107,21%,9,2%,101,20%,11,2%,13,3%,11,2%,119,24%,84,17%,21,4%,4,1%,9,2%,9,2%,217,44%,1,0%,20,4%,48,10%,219,44%,132,27%,2,0%,89,18%,18,4%,8,2%,30,6%,2,0%
TOMPKINS,159,6%,237,8%,299,11%,329,12%,307,11%,326,11%,279,10%,346,12%,140,5%,114,4%,177,6%,112,4%,18,1%,142,14%,23,2%,129,12%,30,3%,62,6%,30,3%,321,31%,165,16%,40,4%,21,2%,41,4%,32,3%,478,46%,0,0%,71,7%,141,14%,339,33%,318,31%,8,1%,79,8%,40,4%,44,4%,22,2%,14,1%
TWIN PARKS EAST (SITE 9),0,0%,0,0%,0,0%,0,0%,0,0%,0,0%,0,0%,0,0%,0,0%,8,4%,103,46%,93,42%,20,9%,208,96%,7,3%,0,0%,0,0%,0,0%,0,0%,0,0%,0,0%,0,0%,0,0%,0,0%,1,0%,15,7%,0,0%,3,1%,3,1%,153,71%,110,51%,0,0%,38,18%,0,0%,1,0%,0,0%,,0%
TWO BRIDGES URA (SITE 7),26,4%,29,4%,44,7%,57,9%,64,10%,59,9%,58,9%,75,12%,33,5%,39,6%,82,13%,66,10%,13,2%,42,17%,24,10%,18,7%,5,2%,16,6%,24,10%,29,12%,43,17%,14,6%,9,4%,13,5%,11,4%,115,46%,3,1%,22,9%,14,6%,133,54%,87,35%,1,0%,40,16%,9,4%,1,0%,7,3%,,0%
UNION AVENUE-EAST 163RD STREET,0,0%,0,0%,0,0%,0,0%,0,0%,0,0%,3,1%,3,1%,3,1%,6,3%,112,50%,75,33%,23,10%,173,87%,17,9%,0,0%,8,4%,0,0%,0,0%,0,0%,0,0%,0,0%,0,0%,0,0%,1,1%,9,5%,0,0%,1,1%,3,2%,144,72%,123,62%,2,1%,40,20%,0,0%,1,1%,0,0%,,0%
UNION AVENUE-EAST 166TH STREET,13,5%,24,9%,25,9%,28,10%,30,11%,32,12%,32,12%,32,12%,19,7%,18,6%,13,5%,9,3%,2,1%,13,11%,4,3%,22,18%,1,1%,3,3%,0,0%,33,28%,27,23%,6,5%,1,1%,5,4%,4,3%,67,56%,0,0%,6,5%,19,16%,34,29%,38,32%,1,1%,5,4%,12,10%,1,1%,2,2%,1,1%
"UNITY PLAZA (SITES 17,24,25A)",30,6%,51,11%,56,12%,60,13%,51,11%,53,11%,40,9%,49,11%,25,5%,15,3%,25,5%,10,2%,1,0%,15,9%,1,1%,29,18%,5,3%,9,5%,3,2%,55,33%,28,17%,9,5%,2,1%,5,3%,4,2%,99,60%,0,0%,7,4%,19,12%,44,27%,69,42%,0,0%,7,4%,11,7%,2,1%,6,4%,2,1%
UNITY PLAZA (SITES 4-27),79,7%,119,10%,105,9%,128,11%,152,13%,149,12%,131,11%,123,10%,60,5%,43,4%,69,6%,26,2%,10,1%,49,11%,9,2%,52,12%,9,2%,19,4%,11,2%,145,32%,83,18%,28,6%,10,2%,16,4%,18,4%,228,51%,1,0%,24,5%,82,18%,125,28%,145,32%,3,1%,21,5%,22,5%,8,2%,19,4%,8,2%
UNIVERSITY AVENUE REHAB,25,5%,50,10%,31,6%,39,7%,50,10%,75,14%,43,8%,55,11%,41,8%,40,8%,52,10%,20,4%,1,0%,39,17%,9,4%,28,12%,14,6%,11,5%,2,1%,51,22%,22,10%,7,3%,3,1%,14,6%,28,12%,112,49%,0,0%,11,5%,26,11%,70,31%,78,34%,1,0%,16,7%,11,5%,5,2%,22,10%,2,1%
UPACA (SITE 5),0,0%,0,0%,0,0%,0,0%,0,0%,0,0%,0,0%,1,1%,2,1%,8,4%,60,32%,79,42%,40,21%,159,91%,12,7%,1,1%,3,2%,0,0%,0,0%,0,0%,0,0%,0,0%,0,0%,0,0%,0,0%,9,5%,0,0%,0,0%,5,3%,127,73%,95,54%,5,3%,36,21%,0,0%,7,4%,0,0%,,0%
UPACA (SITE 6),0,0%,0,0%,0,0%,0,0%,0,0%,0,0%,0,0%,2,1%,1,1%,6,4%,64,40%,53,33%,34,21%,137,92%,7,5%,1,1%,2,1%,0,0%,0,0%,0,0%,0,0%,0,0%,0,0%,0,0%,2,1%,7,5%,0,0%,1,1%,1,1%,107,72%,81,54%,2,1%,28,19%,0,0%,1,1%,0,0%,,0%
VAN DYKE I,293,7%,397,10%,407,10%,500,12%,454,11%,501,12%,417,10%,459,11%,173,4%,149,4%,213,5%,81,2%,24,1%,184,12%,24,2%,212,13%,12,1%,54,3%,16,1%,611,38%,302,19%,82,5%,20,1%,31,2%,44,3%,785,49%,0,0%,112,7%,276,17%,373,23%,431,27%,5,0%,64,4%,61,4%,27,2%,35,2%,19,1%
VAN DYKE II,0,0%,0,0%,0,0%,0,0%,0,0%,0,0%,1,1%,0,0%,3,2%,4,3%,53,41%,51,40%,16,12%,90,82%,15,14%,2,2%,2,2%,0,0%,0,0%,0,0%,0,0%,0,0%,0,0%,0,0%,1,1%,4,4%,0,0%,0,0%,1,1%,90,82%,52,47%,1,1%,25,23%,0,0%,16,15%,2,2%,,0%
VANDALIA AVENUE,0,0%,0,0%,0,0%,0,0%,0,0%,0,0%,0,0%,1,0%,1,0%,6,2%,129,39%,133,40%,60,18%,243,85%,41,14%,1,0%,2,1%,0,0%,0,0%,0,0%,0,0%,0,0%,0,0%,0,0%,0,0%,14,5%,0,0%,0,0%,2,1%,204,71%,146,51%,4,1%,84,29%,0,0%,6,2%,0,0%,,0%
VLADECK,117,4%,188,6%,181,6%,175,6%,189,6%,312,11%,268,9%,354,12%,256,9%,238,8%,356,12%,214,7%,117,4%,375,25%,124,8%,289,19%,69,5%,66,4%,60,4%,228,15%,174,12%,39,3%,10,1%,42,3%,37,2%,670,44%,6,0%,63,4%,92,6%,636,42%,450,30%,7,0%,193,13%,30,2%,35,2%,52,3%,15,1%
VLADECK II,16,3%,37,7%,50,9%,47,8%,46,8%,59,11%,51,9%,70,12%,56,10%,41,7%,48,9%,27,5%,13,2%,38,16%,10,4%,28,12%,13,5%,12,5%,18,8%,46,19%,37,16%,10,4%,4,2%,11,5%,10,4%,122,51%,1,0%,20,8%,22,9%,89,38%,74,31%,1,0%,22,9%,5,2%,8,3%,3,1%,1,0%
WAGNER,241,5%,330,7%,438,9%,553,11%,491,10%,526,11%,453,9%,651,13%,275,6%,207,4%,375,8%,248,5%,91,2%,364,18%,69,3%,297,14%,12,1%,84,4%,57,3%,483,23%,389,19%,89,4%,54,3%,96,5%,63,3%,879,43%,0,0%,121,6%,259,13%,726,35%,688,33%,11,1%,196,10%,24,1%,72,4%,20,1%,6,0%
WALD,155,4%,245,6%,296,7%,336,8%,373,9%,421,10%,380,9%,530,13%,318,8%,293,7%,434,11%,235,6%,95,2%,388,21%,85,5%,288,16%,38,2%,86,5%,92,5%,272,15%,333,18%,97,5%,39,2%,64,3%,67,4%,808,44%,3,0%,84,5%,140,8%,772,42%,677,37%,3,0%,153,8%,37,2%,45,2%,48,3%,12,1%
WASHINGTON,156,5%,218,6%,300,9%,329,10%,296,9%,399,12%,342,10%,450,13%,222,6%,171,5%,274,8%,205,6%,85,2%,279,19%,57,4%,209,14%,20,1%,78,5%,66,4%,340,23%,266,18%,68,5%,32,2%,32,2%,43,3%,682,46%,12,1%,83,6%,141,9%,561,38%,509,34%,7,0%,140,9%,48,3%,79,5%,119,8%,19,1%
WEBSTER,100,6%,167,11%,155,10%,162,10%,162,10%,191,12%,133,9%,177,11%,70,4%,76,5%,109,7%,46,3%,15,1%,91,15%,16,3%,87,15%,14,2%,27,5%,12,2%,176,30%,81,14%,33,6%,12,2%,30,5%,17,3%,262,44%,0,0%,32,5%,81,14%,164,28%,205,34%,1,0%,30,5%,5,1%,5,1%,33,6%,21,4%
WEST BRIGHTON I,134,10%,159,11%,182,13%,201,14%,146,10%,143,10%,143,10%,131,9%,53,4%,37,3%,47,3%,10,1%,6,0%,40,8%,6,1%,81,17%,5,1%,28,6%,4,1%,198,41%,56,12%,24,5%,3,1%,26,5%,9,2%,214,45%,0,0%,37,8%,97,20%,146,30%,141,29%,2,0%,24,5%,27,6%,2,0%,14,3%,5,1%
WEST BRIGHTON II,0,0%,0,0%,0,0%,0,0%,0,0%,0,0%,0,0%,0,0%,0,0%,9,9%,43,45%,33,34%,11,11%,70,84%,11,13%,0,0%,2,2%,0,0%,0,0%,0,0%,0,0%,0,0%,0,0%,0,0%,0,0%,3,4%,0,0%,0,0%,2,2%,54,65%,45,54%,0,0%,21,25%,0,0%,0,0%,2,2%,,0%
WEST FARMS ROAD REHAB,20,4%,29,6%,36,8%,47,11%,47,11%,61,14%,44,10%,64,14%,22,5%,32,7%,26,6%,14,3%,5,1%,31,15%,5,2%,44,21%,2,1%,4,2%,1,0%,49,24%,33,16%,6,3%,4,2%,13,6%,14,7%,98,48%,3,1%,14,7%,28,14%,56,27%,68,33%,0,0%,9,4%,2,1%,8,4%,6,3%,5,2%
WEST FARMS SQUARE CONVENTIONAL,1,2%,5,11%,8,17%,9,20%,4,9%,5,11%,4,9%,7,15%,1,2%,1,2%,0,0%,1,2%,0,0%,1,5%,0,0%,4,21%,0,0%,0,0%,0,0%,11,58%,3,16%,0,0%,0,0%,0,0%,0,0%,11,58%,0,0%,1,5%,3,16%,2,11%,4,21%,0,0%,1,5%,0,0%,0,0%,1,5%,1,5%
WEST TREMONT AVENUE-SEDGWICK AVENUE,0,0%,0,0%,0,0%,0,0%,0,0%,0,0%,0,0%,3,2%,0,0%,6,4%,66,42%,69,43%,15,9%,135,92%,7,5%,0,0%,5,3%,0,0%,0,0%,0,0%,0,0%,0,0%,0,0%,0,0%,0,0%,10,7%,0,0%,1,1%,7,5%,95,65%,92,63%,1,1%,14,10%,0,0%,0,0%,0,0%,,0%
WHITE,0,0%,0,0%,0,0%,0,0%,0,0%,0,0%,0,0%,1,0%,1,0%,4,2%,106,42%,106,42%,35,14%,227,94%,11,5%,2,1%,1,0%,0,0%,0,0%,0,0%,0,0%,0,0%,0,0%,0,0%,0,0%,7,3%,1,0%,0,0%,5,2%,184,76%,123,51%,4,2%,45,19%,0,0%,2,1%,1,0%,,0%
WHITMAN,235,6%,407,10%,306,8%,389,10%,358,9%,532,14%,416,11%,442,11%,194,5%,168,4%,284,7%,118,3%,58,1%,276,17%,48,3%,292,18%,32,2%,100,6%,39,2%,419,26%,205,13%,90,6%,23,1%,50,3%,49,3%,851,52%,0,0%,62,4%,250,15%,544,34%,383,24%,8,0%,104,6%,23,1%,143,9%,14,1%,1,0%
WILSON,59,5%,104,8%,154,12%,176,14%,144,11%,118,9%,135,11%,143,11%,53,4%,37,3%,68,5%,58,5%,13,1%,40,10%,11,3%,28,7%,3,1%,29,7%,22,6%,94,24%,70,18%,37,9%,8,2%,38,10%,14,4%,197,50%,2,1%,27,7%,60,15%,150,38%,130,33%,1,0%,34,9%,8,2%,21,5%,7,2%,1,0%
WOODSIDE,136,5%,156,5%,216,7%,268,9%,295,10%,301,10%,246,8%,388,13%,214,7%,220,7%,297,10%,177,6%,71,2%,263,20%,80,6%,195,14%,36,3%,58,4%,66,5%,233,17%,254,19%,82,6%,17,1%,20,1%,44,3%,647,48%,3,0%,67,5%,126,9%,585,43%,335,25%,6,0%,192,14%,33,2%,21,2%,77,6%,16,1%
WOODSON,0,0%,0,0%,0,0%,0,0%,0,0%,0,0%,0,0%,2,0%,1,0%,7,2%,207,49%,154,36%,55,13%,373,93%,23,6%,1,0%,3,1%,0,0%,0,0%,0,0%,0,0%,0,0%,0,0%,0,0%,0,0%,14,4%,0,0%,0,0%,8,2%,301,75%,201,50%,1,0%,83,21%,0,0%,11,3%,5,1%,,0%
WSUR (BROWNSTONES),11,3%,16,5%,16,5%,15,4%,13,4%,37,11%,29,8%,64,19%,34,10%,35,10%,46,13%,17,5%,10,3%,69,30%,1,0%,98,42%,2,1%,6,3%,3,1%,24,10%,19,8%,6,3%,1,0%,0,0%,3,1%,103,44%,0,0%,10,4%,13,6%,93,40%,69,30%,1,0%,17,7%,0,0%,12,5%,2,1%,2,1%
WSUR (SITE A) 120 WEST 94TH STREET,7,5%,9,6%,7,5%,15,10%,12,8%,17,11%,21,14%,24,16%,8,5%,9,6%,12,8%,9,6%,0,0%,11,16%,1,1%,17,24%,1,1%,6,9%,2,3%,15,21%,8,11%,2,3%,3,4%,0,0%,4,6%,39,56%,0,0%,5,7%,7,10%,21,30%,11,16%,0,0%,9,13%,1,1%,3,4%,1,1%,,0%
WSUR (SITE B) 74 WEST 92ND STREET,16,5%,17,5%,18,6%,23,7%,27,8%,34,11%,26,8%,40,13%,21,7%,19,6%,32,10%,30,9%,16,5%,56,34%,7,4%,28,17%,2,1%,4,2%,3,2%,27,16%,22,13%,5,3%,2,1%,4,2%,7,4%,67,40%,0,0%,8,5%,15,9%,75,45%,47,28%,2,1%,30,18%,2,1%,4,2%,1,1%,1,1%
WSUR (SITE C) 589 AMSTERDAM AVENUE,14,4%,24,7%,21,6%,41,12%,38,11%,39,11%,31,9%,34,10%,23,7%,18,5%,30,8%,25,7%,15,4%,34,22%,6,4%,20,13%,4,3%,4,3%,8,5%,36,23%,22,14%,9,6%,5,3%,2,1%,5,3%,78,50%,0,0%,4,3%,13,8%,61,39%,49,32%,3,2%,22,14%,1,1%,4,3%,0,0%,,0%
WYCKOFF GARDENS,59,5%,96,8%,77,7%,115,10%,111,10%,111,10%,113,10%,116,10%,80,7%,56,5%,125,11%,64,6%,26,2%,129,24%,20,4%,94,18%,7,1%,18,3%,11,2%,103,20%,68,13%,34,6%,12,2%,16,3%,15,3%,205,39%,0,0%,33,6%,47,9%,227,43%,197,37%,4,1%,47,9%,7,1%,2,0%,24,5%,6,1%